{
  "total_cases": 12,
  "avg_latency_ms": 1286.9835415913258,
  "avg_docs_retrieved": 5,
  "source_hit_rate": 0.0,
  "answer_rate": 1.0,
  "ragas": {
    "faithfulness": 0.5488247863247863,
    "answer_relevancy": 0.6342893872656544,
    "context_recall": 0.9166666666666666
  }
}