{
  "total_cases": 20,
  "avg_latency_ms": 1616.0745853470871,
  "avg_docs_retrieved": 5,
  "source_hit_rate": 0.0,
  "answer_rate": 1.0,
  "ragas": {
    "faithfulness": 0.6125595238095238,
    "answer_relevancy": 0.465140513896707,
    "context_recall": 0.7
  }
}