{
  "total_cases": 12,
  "avg_latency_ms": 1475.551291499869,
  "avg_docs_retrieved": 5,
  "source_hit_rate": 0.0,
  "answer_rate": 1.0,
  "ragas": {
    "faithfulness": 0.7130952380952381,
    "answer_relevancy": 0.6261654591093858,
    "context_recall": 0.75
  }
}