{
  "total_cases": 20,
  "avg_latency_ms": 1089.3839645490516,
  "avg_docs_retrieved": 5,
  "source_hit_rate": 0.0,
  "answer_rate": 1.0,
  "ragas": {
    "faithfulness": 0.5193589743589744,
    "answer_relevancy": 0.5045763315159788,
    "context_recall": 0.8
  }
}