{
  "total_cases": 20,
  "avg_latency_ms": 1169.0082188521046,
  "avg_docs_retrieved": 5,
  "source_hit_rate": 0.0,
  "answer_rate": 1.0,
  "ragas": {
    "faithfulness": 0.625300949050949,
    "answer_relevancy": 0.5001721289785559,
    "context_recall": 0.8
  }
}