{
  "total_cases": 20,
  "avg_latency_ms": 1263.7133771000663,
  "avg_docs_retrieved": 4.75,
  "source_hit_rate": 0.0,
  "answer_rate": 0.95,
  "ragas": {
    "faithfulness": 0.6008319397993311,
    "answer_relevancy": 0.4424682453050332,
    "context_recall": 0.8
  }
}