{
  "total_cases": 20,
  "avg_latency_ms": 1128.6584583489457,
  "avg_docs_retrieved": 5,
  "source_hit_rate": 0.0,
  "answer_rate": 1.0,
  "ragas": {
    "faithfulness": 0.6224999999999999,
    "answer_relevancy": 0.5072088323840791,
    "context_recall": 0.8
  }
}