{
  "total_cases": 20,
  "avg_latency_ms": 1231.2135855463566,
  "avg_docs_retrieved": 5,
  "source_hit_rate": 0.0,
  "answer_rate": 1.0,
  "ragas": {
    "faithfulness": 0.5872261072261071,
    "answer_relevancy": 0.5085049061905623,
    "context_recall": 0.8
  }
}