{
  "total_cases": 12,
  "avg_latency_ms": 1004.471503503737,
  "avg_docs_retrieved": 5,
  "source_hit_rate": 0.0,
  "answer_rate": 1.0,
  "ragas": {
    "faithfulness": 0.5166666666666667,
    "answer_relevancy": 0.30835978445332,
    "context_recall": 1.0
  }
}