{
  "total_cases": 20,
  "avg_latency_ms": 1197.3281229526037,
  "avg_docs_retrieved": 5,
  "source_hit_rate": 0.0,
  "answer_rate": 1.0,
  "ragas": {
    "faithfulness": 0.36047979797979796,
    "answer_relevancy": 0.4583067356995832,
    "context_recall": 0.8
  }
}