{
  "total_cases": 12,
  "avg_latency_ms": 1696.3335904147243,
  "avg_docs_retrieved": 5,
  "source_hit_rate": 0.0,
  "answer_rate": 1.0,
  "ragas": {
    "faithfulness": 0.5802276427276427,
    "answer_relevancy": 0.6110900204591453,
    "context_recall": 1.0
  }
}