{
  "total_cases": 12,
  "avg_latency_ms": 1397.9846146636798,
  "avg_docs_retrieved": 5,
  "source_hit_rate": 0.0,
  "answer_rate": 1.0,
  "ragas": {
    "faithfulness": 0.5271073833573833,
    "answer_relevancy": 0.6278552651019731,
    "context_recall": 1.0
  }
}