{
  "total_cases": 20,
  "avg_latency_ms": 1518.2550603494747,
  "avg_docs_retrieved": 5,
  "source_hit_rate": 0.0,
  "answer_rate": 1.0,
  "ragas": {
    "faithfulness": 0.5851442307692307,
    "answer_relevancy": 0.4951728940035001,
    "context_recall": 0.8
  }
}