{
  "total_cases": 20,
  "avg_latency_ms": 1314.7554500494152,
  "avg_docs_retrieved": 4.25,
  "source_hit_rate": 0.0,
  "answer_rate": 0.85,
  "ragas": {
    "faithfulness": 0.428452380952381,
    "answer_relevancy": 0.3725515251954753,
    "context_recall": 0.8
  }
}