{
  "total_cases": 20,
  "avg_latency_ms": 1313.531635250547,
  "avg_docs_retrieved": 4.75,
  "source_hit_rate": 0.35,
  "answer_rate": 0.95,
  "ragas": {
    "faithfulness": 0.7208333333333333,
    "answer_relevancy": 0.3887764043415906,
    "context_recall": 0.75
  }
}