company,score,towns_cities,counties,routes,tags,linkedin_company_search_url,linkedin_jobs_search_url,linkedin_recruiter_search_url,linkedin_hiring_manager_search_url,outreach_reason,connection_note
Air Technology Systems Ltd B,114,['romsgrove'],['West Midlands W'],['Skilled Worker'],"['ai', 'systems', 'tech', 'technology']",https://www.linkedin.com/search/results/companies/?keywords=Air+Technology+Systems+Ltd+B,https://www.linkedin.com/jobs/search/?keywords=Air+Technology+Systems+Ltd+B+Generative+AI+Engineer+OR+Applied+AI+Engineer+OR+AI+Software+Engineer+OR+Backend+Engineer+OR+Python+Engineer+OR+Full+Stack+Engineer,https://www.linkedin.com/search/results/people/?keywords=Air+Technology+Systems+Ltd+B+Technical+Recruiter+OR+Engineering+Recruiter+OR+Talent+Acquisition+OR+Internal+Recruiter,https://www.linkedin.com/search/results/people/?keywords=Air+Technology+Systems+Ltd+B+Engineering+Manager+OR+Head+of+Engineering+OR+Head+of+AI+OR+CTO,The company name suggests a technology or product-oriented business. It is already licensed for the Skilled Worker route. It has a listed presence in romsgrove.,"Hi, I noticed Air Technology Systems Ltd B is a licensed sponsor. I’m a UK-based applied AI/software engineer with 3+ years in Python, FastAPI, React, and production AI systems. I’d value connecting and learning about relevant engineering openings at Air Technology Systems Ltd B."
Communications Software Airline Systems Ltd,110,"['Ashbourne', 'London']",['Derbyshire'],['Skilled Worker'],"['ai', 'software', 'systems', 'tech']",https://www.linkedin.com/search/results/companies/?keywords=Communications+Software+Airline+Systems+Ltd,https://www.linkedin.com/jobs/search/?keywords=Communications+Software+Airline+Systems+Ltd+Generative+AI+Engineer+OR+Applied+AI+Engineer+OR+AI+Software+Engineer+OR+Backend+Engineer+OR+Python+Engineer+OR+Full+Stack+Engineer,https://www.linkedin.com/search/results/people/?keywords=Communications+Software+Airline+Systems+Ltd+Technical+Recruiter+OR+Engineering+Recruiter+OR+Talent+Acquisition+OR+Internal+Recruiter,https://www.linkedin.com/search/results/people/?keywords=Communications+Software+Airline+Systems+Ltd+Engineering+Manager+OR+Head+of+Engineering+OR+Head+of+AI+OR+CTO,The company name suggests a technology or product-oriented business. It is already licensed for the Skilled Worker route. It has a listed presence in Ashbourne.,"Hi, I noticed Communications Software Airline Systems Ltd is a licensed sponsor. I’m a UK-based applied AI/software engineer with 3+ years in Python, FastAPI, React, and production AI systems. I’d value connecting and learning about relevant engineering openings at Communications Software Airline Sy"
East London Advanced Technology Training,108,['London'],[],['Skilled Worker'],"['ai', 'tech', 'technology']",https://www.linkedin.com/search/results/companies/?keywords=East+London+Advanced+Technology+Training,https://www.linkedin.com/jobs/search/?keywords=East+London+Advanced+Technology+Training+Generative+AI+Engineer+OR+Applied+AI+Engineer+OR+AI+Software+Engineer+OR+Backend+Engineer+OR+Python+Engineer+OR+Full+Stack+Engineer,https://www.linkedin.com/search/results/people/?keywords=East+London+Advanced+Technology+Training+Technical+Recruiter+OR+Engineering+Recruiter+OR+Talent+Acquisition+OR+Internal+Recruiter,https://www.linkedin.com/search/results/people/?keywords=East+London+Advanced+Technology+Training+Engineering+Manager+OR+Head+of+Engineering+OR+Head+of+AI+OR+CTO,The company name suggests a technology or product-oriented business. It is already licensed for the Skilled Worker route. It has a listed presence in London.,"Hi, I noticed East London Advanced Technology Training is a licensed sponsor. I’m a UK-based applied AI/software engineer with 3+ years in Python, FastAPI, React, and production AI systems. I’d value connecting and learning about relevant engineering openings at East London Advanced Technology Train"
Enterprise AI Technology Ltd,108,['London'],[],['Skilled Worker'],"['ai', 'tech', 'technology']",https://www.linkedin.com/search/results/companies/?keywords=Enterprise+AI+Technology+Ltd,https://www.linkedin.com/jobs/search/?keywords=Enterprise+AI+Technology+Ltd+Generative+AI+Engineer+OR+Applied+AI+Engineer+OR+AI+Software+Engineer+OR+Backend+Engineer+OR+Python+Engineer+OR+Full+Stack+Engineer,https://www.linkedin.com/search/results/people/?keywords=Enterprise+AI+Technology+Ltd+Technical+Recruiter+OR+Engineering+Recruiter+OR+Talent+Acquisition+OR+Internal+Recruiter,https://www.linkedin.com/search/results/people/?keywords=Enterprise+AI+Technology+Ltd+Engineering+Manager+OR+Head+of+Engineering+OR+Head+of+AI+OR+CTO,The company name suggests a technology or product-oriented business. It is already licensed for the Skilled Worker route. It has a listed presence in London.,"Hi, I noticed Enterprise AI Technology Ltd is a licensed sponsor. I’m a UK-based applied AI/software engineer with 3+ years in Python, FastAPI, React, and production AI systems. I’d value connecting and learning about relevant engineering openings at Enterprise AI Technology Ltd."
GfK Retail and Technology UK Limited,108,['London'],['Worker'],['Skilled Worker'],"['ai', 'tech', 'technology']",https://www.linkedin.com/search/results/companies/?keywords=GfK+Retail+and+Technology+UK+Limited,https://www.linkedin.com/jobs/search/?keywords=GfK+Retail+and+Technology+UK+Limited+Generative+AI+Engineer+OR+Applied+AI+Engineer+OR+AI+Software+Engineer+OR+Backend+Engineer+OR+Python+Engineer+OR+Full+Stack+Engineer,https://www.linkedin.com/search/results/people/?keywords=GfK+Retail+and+Technology+UK+Limited+Technical+Recruiter+OR+Engineering+Recruiter+OR+Talent+Acquisition+OR+Internal+Recruiter,https://www.linkedin.com/search/results/people/?keywords=GfK+Retail+and+Technology+UK+Limited+Engineering+Manager+OR+Head+of+Engineering+OR+Head+of+AI+OR+CTO,The company name suggests a technology or product-oriented business. It is already licensed for the Skilled Worker route. It has a listed presence in London.,"Hi, I noticed GfK Retail and Technology UK Limited is a licensed sponsor. I’m a UK-based applied AI/software engineer with 3+ years in Python, FastAPI, React, and production AI systems. I’d value connecting and learning about relevant engineering openings at GfK Retail and Technology UK Limited."
Kunai Technology Limited,108,['London'],['Worke'],['Skilled Worker'],"['ai', 'tech', 'technology']",https://www.linkedin.com/search/results/companies/?keywords=Kunai+Technology+Limited,https://www.linkedin.com/jobs/search/?keywords=Kunai+Technology+Limited+Generative+AI+Engineer+OR+Applied+AI+Engineer+OR+AI+Software+Engineer+OR+Backend+Engineer+OR+Python+Engineer+OR+Full+Stack+Engineer,https://www.linkedin.com/search/results/people/?keywords=Kunai+Technology+Limited+Technical+Recruiter+OR+Engineering+Recruiter+OR+Talent+Acquisition+OR+Internal+Recruiter,https://www.linkedin.com/search/results/people/?keywords=Kunai+Technology+Limited+Engineering+Manager+OR+Head+of+Engineering+OR+Head+of+AI+OR+CTO,The company name suggests a technology or product-oriented business. It is already licensed for the Skilled Worker route. It has a listed presence in London.,"Hi, I noticed Kunai Technology Limited is a licensed sponsor. I’m a UK-based applied AI/software engineer with 3+ years in Python, FastAPI, React, and production AI systems. I’d value connecting and learning about relevant engineering openings at Kunai Technology Limited."
MAIA Technology Limited,108,['London'],[],['Skilled Worker'],"['ai', 'tech', 'technology']",https://www.linkedin.com/search/results/companies/?keywords=MAIA+Technology+Limited,https://www.linkedin.com/jobs/search/?keywords=MAIA+Technology+Limited+Generative+AI+Engineer+OR+Applied+AI+Engineer+OR+AI+Software+Engineer+OR+Backend+Engineer+OR+Python+Engineer+OR+Full+Stack+Engineer,https://www.linkedin.com/search/results/people/?keywords=MAIA+Technology+Limited+Technical+Recruiter+OR+Engineering+Recruiter+OR+Talent+Acquisition+OR+Internal+Recruiter,https://www.linkedin.com/search/results/people/?keywords=MAIA+Technology+Limited+Engineering+Manager+OR+Head+of+Engineering+OR+Head+of+AI+OR+CTO,The company name suggests a technology or product-oriented business. It is already licensed for the Skilled Worker route. It has a listed presence in London.,"Hi, I noticed MAIA Technology Limited is a licensed sponsor. I’m a UK-based applied AI/software engineer with 3+ years in Python, FastAPI, React, and production AI systems. I’d value connecting and learning about relevant engineering openings at MAIA Technology Limited."
RETAIL TECHNOLOGY LTD,108,['London'],[],['Skilled Worker'],"['ai', 'tech', 'technology']",https://www.linkedin.com/search/results/companies/?keywords=RETAIL+TECHNOLOGY+LTD,https://www.linkedin.com/jobs/search/?keywords=RETAIL+TECHNOLOGY+LTD+Generative+AI+Engineer+OR+Applied+AI+Engineer+OR+AI+Software+Engineer+OR+Backend+Engineer+OR+Python+Engineer+OR+Full+Stack+Engineer,https://www.linkedin.com/search/results/people/?keywords=RETAIL+TECHNOLOGY+LTD+Technical+Recruiter+OR+Engineering+Recruiter+OR+Talent+Acquisition+OR+Internal+Recruiter,https://www.linkedin.com/search/results/people/?keywords=RETAIL+TECHNOLOGY+LTD+Engineering+Manager+OR+Head+of+Engineering+OR+Head+of+AI+OR+CTO,The company name suggests a technology or product-oriented business. It is already licensed for the Skilled Worker route. It has a listed presence in London.,"Hi, I noticed RETAIL TECHNOLOGY LTD is a licensed sponsor. I’m a UK-based applied AI/software engineer with 3+ years in Python, FastAPI, React, and production AI systems. I’d value connecting and learning about relevant engineering openings at RETAIL TECHNOLOGY LTD."
Sai Technology Solutions Ltd,108,['Tring'],[],['Skilled Worker'],"['ai', 'services', 'tech', 'technology']",https://www.linkedin.com/search/results/companies/?keywords=Sai+Technology+Solutions+Ltd,https://www.linkedin.com/jobs/search/?keywords=Sai+Technology+Solutions+Ltd+Generative+AI+Engineer+OR+Applied+AI+Engineer+OR+AI+Software+Engineer+OR+Backend+Engineer+OR+Python+Engineer+OR+Full+Stack+Engineer,https://www.linkedin.com/search/results/people/?keywords=Sai+Technology+Solutions+Ltd+Technical+Recruiter+OR+Engineering+Recruiter+OR+Talent+Acquisition+OR+Internal+Recruiter,https://www.linkedin.com/search/results/people/?keywords=Sai+Technology+Solutions+Ltd+Engineering+Manager+OR+Head+of+Engineering+OR+Head+of+AI+OR+CTO,The company name suggests a technology or product-oriented business. It is already licensed for the Skilled Worker route. It has a listed presence in Tring.,"Hi, I noticed Sai Technology Solutions Ltd is a licensed sponsor. I’m a UK-based applied AI/software engineer with 3+ years in Python, FastAPI, React, and production AI systems. I’d value connecting and learning about relevant engineering openings at Sai Technology Solutions Ltd."
Saiven Technology Solutions Limited Sw,108,['indon'],['Worker'],['Skilled Worker'],"['ai', 'services', 'tech', 'technology']",https://www.linkedin.com/search/results/companies/?keywords=Saiven+Technology+Solutions+Limited+Sw,https://www.linkedin.com/jobs/search/?keywords=Saiven+Technology+Solutions+Limited+Sw+Generative+AI+Engineer+OR+Applied+AI+Engineer+OR+AI+Software+Engineer+OR+Backend+Engineer+OR+Python+Engineer+OR+Full+Stack+Engineer,https://www.linkedin.com/search/results/people/?keywords=Saiven+Technology+Solutions+Limited+Sw+Technical+Recruiter+OR+Engineering+Recruiter+OR+Talent+Acquisition+OR+Internal+Recruiter,https://www.linkedin.com/search/results/people/?keywords=Saiven+Technology+Solutions+Limited+Sw+Engineering+Manager+OR+Head+of+Engineering+OR+Head+of+AI+OR+CTO,The company name suggests a technology or product-oriented business. It is already licensed for the Skilled Worker route. It has a listed presence in indon.,"Hi, I noticed Saiven Technology Solutions Limited Sw is a licensed sponsor. I’m a UK-based applied AI/software engineer with 3+ years in Python, FastAPI, React, and production AI systems. I’d value connecting and learning about relevant engineering openings at Saiven Technology Solutions Limited Sw."
Taina Technology,108,['London'],['Work'],['Skilled Worker'],"['ai', 'tech', 'technology']",https://www.linkedin.com/search/results/companies/?keywords=Taina+Technology,https://www.linkedin.com/jobs/search/?keywords=Taina+Technology+Generative+AI+Engineer+OR+Applied+AI+Engineer+OR+AI+Software+Engineer+OR+Backend+Engineer+OR+Python+Engineer+OR+Full+Stack+Engineer,https://www.linkedin.com/search/results/people/?keywords=Taina+Technology+Technical+Recruiter+OR+Engineering+Recruiter+OR+Talent+Acquisition+OR+Internal+Recruiter,https://www.linkedin.com/search/results/people/?keywords=Taina+Technology+Engineering+Manager+OR+Head+of+Engineering+OR+Head+of+AI+OR+CTO,The company name suggests a technology or product-oriented business. It is already licensed for the Skilled Worker route. It has a listed presence in London.,"Hi, I noticed Taina Technology is a licensed sponsor. I’m a UK-based applied AI/software engineer with 3+ years in Python, FastAPI, React, and production AI systems. I’d value connecting and learning about relevant engineering openings at Taina Technology."
Container Solutions Software Ltd,104,['London'],['Wor'],['Skilled Worker'],"['ai', 'services', 'software', 'tech']",https://www.linkedin.com/search/results/companies/?keywords=Container+Solutions+Software+Ltd,https://www.linkedin.com/jobs/search/?keywords=Container+Solutions+Software+Ltd+Generative+AI+Engineer+OR+Applied+AI+Engineer+OR+AI+Software+Engineer+OR+Backend+Engineer+OR+Python+Engineer+OR+Full+Stack+Engineer,https://www.linkedin.com/search/results/people/?keywords=Container+Solutions+Software+Ltd+Technical+Recruiter+OR+Engineering+Recruiter+OR+Talent+Acquisition+OR+Internal+Recruiter,https://www.linkedin.com/search/results/people/?keywords=Container+Solutions+Software+Ltd+Engineering+Manager+OR+Head+of+Engineering+OR+Head+of+AI+OR+CTO,The company name suggests a technology or product-oriented business. It is already licensed for the Skilled Worker route. It has a listed presence in London.,"Hi, I noticed Container Solutions Software Ltd is a licensed sponsor. I’m a UK-based applied AI/software engineer with 3+ years in Python, FastAPI, React, and production AI systems. I’d value connecting and learning about relevant engineering openings at Container Solutions Software Ltd."
Telefonica Tech UK Data & AI Limited,100,['Farnham'],['Surrey Wo'],['Skilled Worker'],"['ai', 'data', 'tech']",https://www.linkedin.com/search/results/companies/?keywords=Telefonica+Tech+UK+Data+%26+AI+Limited,https://www.linkedin.com/jobs/search/?keywords=Telefonica+Tech+UK+Data+%26+AI+Limited+Generative+AI+Engineer+OR+Applied+AI+Engineer+OR+AI+Software+Engineer+OR+Backend+Engineer+OR+Python+Engineer+OR+Full+Stack+Engineer,https://www.linkedin.com/search/results/people/?keywords=Telefonica+Tech+UK+Data+%26+AI+Limited+Technical+Recruiter+OR+Engineering+Recruiter+OR+Talent+Acquisition+OR+Internal+Recruiter,https://www.linkedin.com/search/results/people/?keywords=Telefonica+Tech+UK+Data+%26+AI+Limited+Engineering+Manager+OR+Head+of+Engineering+OR+Head+of+AI+OR+CTO,The company name suggests a technology or product-oriented business. It is already licensed for the Skilled Worker route. It has a listed presence in Farnham.,"Hi, I noticed Telefonica Tech UK Data & AI Limited is a licensed sponsor. I’m a UK-based applied AI/software engineer with 3+ years in Python, FastAPI, React, and production AI systems. I’d value connecting and learning about relevant engineering openings at Telefonica Tech UK Data & AI Limited."
ARBO BIOTECHNOLOGY MAID,98,['ENHEAD'],['Worker (A'],"['Skilled Worker', 'UK Expansion Worker']","['ai', 'tech', 'technology']",https://www.linkedin.com/search/results/companies/?keywords=ARBO+BIOTECHNOLOGY+MAID,https://www.linkedin.com/jobs/search/?keywords=ARBO+BIOTECHNOLOGY+MAID+Generative+AI+Engineer+OR+Applied+AI+Engineer+OR+AI+Software+Engineer+OR+Backend+Engineer+OR+Python+Engineer+OR+Full+Stack+Engineer,https://www.linkedin.com/search/results/people/?keywords=ARBO+BIOTECHNOLOGY+MAID+Technical+Recruiter+OR+Engineering+Recruiter+OR+Talent+Acquisition+OR+Internal+Recruiter,https://www.linkedin.com/search/results/people/?keywords=ARBO+BIOTECHNOLOGY+MAID+Engineering+Manager+OR+Head+of+Engineering+OR+Head+of+AI+OR+CTO,The company name suggests a technology or product-oriented business. It is already licensed for the Skilled Worker route. It has a listed presence in ENHEAD.,"Hi, I noticed ARBO BIOTECHNOLOGY MAID is a licensed sponsor. I’m a UK-based applied AI/software engineer with 3+ years in Python, FastAPI, React, and production AI systems. I’d value connecting and learning about relevant engineering openings at ARBO BIOTECHNOLOGY MAID."
BRAIN BRIDGE TECHNOLOGY LIMITED,98,['Brentwood'],[],['Skilled Worker'],"['ai', 'tech', 'technology']",https://www.linkedin.com/search/results/companies/?keywords=BRAIN+BRIDGE+TECHNOLOGY+LIMITED,https://www.linkedin.com/jobs/search/?keywords=BRAIN+BRIDGE+TECHNOLOGY+LIMITED+Generative+AI+Engineer+OR+Applied+AI+Engineer+OR+AI+Software+Engineer+OR+Backend+Engineer+OR+Python+Engineer+OR+Full+Stack+Engineer,https://www.linkedin.com/search/results/people/?keywords=BRAIN+BRIDGE+TECHNOLOGY+LIMITED+Technical+Recruiter+OR+Engineering+Recruiter+OR+Talent+Acquisition+OR+Internal+Recruiter,https://www.linkedin.com/search/results/people/?keywords=BRAIN+BRIDGE+TECHNOLOGY+LIMITED+Engineering+Manager+OR+Head+of+Engineering+OR+Head+of+AI+OR+CTO,The company name suggests a technology or product-oriented business. It is already licensed for the Skilled Worker route. It has a listed presence in Brentwood.,"Hi, I noticed BRAIN BRIDGE TECHNOLOGY LIMITED is a licensed sponsor. I’m a UK-based applied AI/software engineer with 3+ years in Python, FastAPI, React, and production AI systems. I’d value connecting and learning about relevant engineering openings at BRAIN BRIDGE TECHNOLOGY LIMITED."
H. AI Technology Limited L,98,['ondon'],[],['Skilled Worker'],"['ai', 'tech', 'technology']",https://www.linkedin.com/search/results/companies/?keywords=H.+AI+Technology+Limited+L,https://www.linkedin.com/jobs/search/?keywords=H.+AI+Technology+Limited+L+Generative+AI+Engineer+OR+Applied+AI+Engineer+OR+AI+Software+Engineer+OR+Backend+Engineer+OR+Python+Engineer+OR+Full+Stack+Engineer,https://www.linkedin.com/search/results/people/?keywords=H.+AI+Technology+Limited+L+Technical+Recruiter+OR+Engineering+Recruiter+OR+Talent+Acquisition+OR+Internal+Recruiter,https://www.linkedin.com/search/results/people/?keywords=H.+AI+Technology+Limited+L+Engineering+Manager+OR+Head+of+Engineering+OR+Head+of+AI+OR+CTO,The company name suggests a technology or product-oriented business. It is already licensed for the Skilled Worker route. It has a listed presence in ondon.,"Hi, I noticed H. AI Technology Limited L is a licensed sponsor. I’m a UK-based applied AI/software engineer with 3+ years in Python, FastAPI, React, and production AI systems. I’d value connecting and learning about relevant engineering openings at H. AI Technology Limited L."
Kaifa Technology UK Limited,98,['Milton Keynes'],['Buckinghamshire Wor'],['Skilled Worker'],"['ai', 'tech', 'technology']",https://www.linkedin.com/search/results/companies/?keywords=Kaifa+Technology+UK+Limited,https://www.linkedin.com/jobs/search/?keywords=Kaifa+Technology+UK+Limited+Generative+AI+Engineer+OR+Applied+AI+Engineer+OR+AI+Software+Engineer+OR+Backend+Engineer+OR+Python+Engineer+OR+Full+Stack+Engineer,https://www.linkedin.com/search/results/people/?keywords=Kaifa+Technology+UK+Limited+Technical+Recruiter+OR+Engineering+Recruiter+OR+Talent+Acquisition+OR+Internal+Recruiter,https://www.linkedin.com/search/results/people/?keywords=Kaifa+Technology+UK+Limited+Engineering+Manager+OR+Head+of+Engineering+OR+Head+of+AI+OR+CTO,The company name suggests a technology or product-oriented business. It is already licensed for the Skilled Worker route. It has a listed presence in Milton Keynes.,"Hi, I noticed Kaifa Technology UK Limited is a licensed sponsor. I’m a UK-based applied AI/software engineer with 3+ years in Python, FastAPI, React, and production AI systems. I’d value connecting and learning about relevant engineering openings at Kaifa Technology UK Limited."
OEE Container Technology Limited,98,['Carlisle'],['Cumbria W'],['Skilled Worker'],"['ai', 'tech', 'technology']",https://www.linkedin.com/search/results/companies/?keywords=OEE+Container+Technology+Limited,https://www.linkedin.com/jobs/search/?keywords=OEE+Container+Technology+Limited+Generative+AI+Engineer+OR+Applied+AI+Engineer+OR+AI+Software+Engineer+OR+Backend+Engineer+OR+Python+Engineer+OR+Full+Stack+Engineer,https://www.linkedin.com/search/results/people/?keywords=OEE+Container+Technology+Limited+Technical+Recruiter+OR+Engineering+Recruiter+OR+Talent+Acquisition+OR+Internal+Recruiter,https://www.linkedin.com/search/results/people/?keywords=OEE+Container+Technology+Limited+Engineering+Manager+OR+Head+of+Engineering+OR+Head+of+AI+OR+CTO,The company name suggests a technology or product-oriented business. It is already licensed for the Skilled Worker route. It has a listed presence in Carlisle.,"Hi, I noticed OEE Container Technology Limited is a licensed sponsor. I’m a UK-based applied AI/software engineer with 3+ years in Python, FastAPI, React, and production AI systems. I’d value connecting and learning about relevant engineering openings at OEE Container Technology Limited."
Prevail Technology Limited,98,['Poole'],['Dorset W'],['Skilled Worker'],"['ai', 'tech', 'technology']",https://www.linkedin.com/search/results/companies/?keywords=Prevail+Technology+Limited,https://www.linkedin.com/jobs/search/?keywords=Prevail+Technology+Limited+Generative+AI+Engineer+OR+Applied+AI+Engineer+OR+AI+Software+Engineer+OR+Backend+Engineer+OR+Python+Engineer+OR+Full+Stack+Engineer,https://www.linkedin.com/search/results/people/?keywords=Prevail+Technology+Limited+Technical+Recruiter+OR+Engineering+Recruiter+OR+Talent+Acquisition+OR+Internal+Recruiter,https://www.linkedin.com/search/results/people/?keywords=Prevail+Technology+Limited+Engineering+Manager+OR+Head+of+Engineering+OR+Head+of+AI+OR+CTO,The company name suggests a technology or product-oriented business. It is already licensed for the Skilled Worker route. It has a listed presence in Poole.,"Hi, I noticed Prevail Technology Limited is a licensed sponsor. I’m a UK-based applied AI/software engineer with 3+ years in Python, FastAPI, React, and production AI systems. I’d value connecting and learning about relevant engineering openings at Prevail Technology Limited."
Transforming Training with Technology Limited,98,['Hurn'],['Dorset Wor'],['Skilled Worker'],"['ai', 'tech', 'technology']",https://www.linkedin.com/search/results/companies/?keywords=Transforming+Training+with+Technology+Limited,https://www.linkedin.com/jobs/search/?keywords=Transforming+Training+with+Technology+Limited+Generative+AI+Engineer+OR+Applied+AI+Engineer+OR+AI+Software+Engineer+OR+Backend+Engineer+OR+Python+Engineer+OR+Full+Stack+Engineer,https://www.linkedin.com/search/results/people/?keywords=Transforming+Training+with+Technology+Limited+Technical+Recruiter+OR+Engineering+Recruiter+OR+Talent+Acquisition+OR+Internal+Recruiter,https://www.linkedin.com/search/results/people/?keywords=Transforming+Training+with+Technology+Limited+Engineering+Manager+OR+Head+of+Engineering+OR+Head+of+AI+OR+CTO,The company name suggests a technology or product-oriented business. It is already licensed for the Skilled Worker route. It has a listed presence in Hurn.,"Hi, I noticed Transforming Training with Technology Limited is a licensed sponsor. I’m a UK-based applied AI/software engineer with 3+ years in Python, FastAPI, React, and production AI systems. I’d value connecting and learning about relevant engineering openings at Transforming Training with Techn"
Caiman Software Development Limited Banc,96,['hory Abe'],['rdeenshire Worker (A'],['Skilled Worker'],"['ai', 'software', 'tech']",https://www.linkedin.com/search/results/companies/?keywords=Caiman+Software+Development+Limited+Banc,https://www.linkedin.com/jobs/search/?keywords=Caiman+Software+Development+Limited+Banc+Generative+AI+Engineer+OR+Applied+AI+Engineer+OR+AI+Software+Engineer+OR+Backend+Engineer+OR+Python+Engineer+OR+Full+Stack+Engineer,https://www.linkedin.com/search/results/people/?keywords=Caiman+Software+Development+Limited+Banc+Technical+Recruiter+OR+Engineering+Recruiter+OR+Talent+Acquisition+OR+Internal+Recruiter,https://www.linkedin.com/search/results/people/?keywords=Caiman+Software+Development+Limited+Banc+Engineering+Manager+OR+Head+of+Engineering+OR+Head+of+AI+OR+CTO,The company name suggests a technology or product-oriented business. It is already licensed for the Skilled Worker route. It has a listed presence in hory Abe.,"Hi, I noticed Caiman Software Development Limited Banc is a licensed sponsor. I’m a UK-based applied AI/software engineer with 3+ years in Python, FastAPI, React, and production AI systems. I’d value connecting and learning about relevant engineering openings at Caiman Software Development Limited B"
Datascan Retail Systems Ltd Coleshill,96,[],['Worker (A rat'],['Skilled Worker'],"['ai', 'data', 'systems', 'tech']",https://www.linkedin.com/search/results/companies/?keywords=Datascan+Retail+Systems+Ltd+Coleshill,https://www.linkedin.com/jobs/search/?keywords=Datascan+Retail+Systems+Ltd+Coleshill+Generative+AI+Engineer+OR+Applied+AI+Engineer+OR+AI+Software+Engineer+OR+Backend+Engineer+OR+Python+Engineer+OR+Full+Stack+Engineer,https://www.linkedin.com/search/results/people/?keywords=Datascan+Retail+Systems+Ltd+Coleshill+Technical+Recruiter+OR+Engineering+Recruiter+OR+Talent+Acquisition+OR+Internal+Recruiter,https://www.linkedin.com/search/results/people/?keywords=Datascan+Retail+Systems+Ltd+Coleshill+Engineering+Manager+OR+Head+of+Engineering+OR+Head+of+AI+OR+CTO,The company name suggests a technology or product-oriented business. It is already licensed for the Skilled Worker route.,"Hi, I noticed Datascan Retail Systems Ltd Coleshill is a licensed sponsor. I’m a UK-based applied AI/software engineer with 3+ years in Python, FastAPI, React, and production AI systems. I’d value connecting and learning about relevant engineering openings at Datascan Retail Systems Ltd Coleshill."
Innovation Technology and Business Solutions Limited,96,['London'],['Work'],"['Skilled Worker', 'al Business Mobility: Senior or Specialist Worker']","['services', 'tech', 'technology']",https://www.linkedin.com/search/results/companies/?keywords=Innovation+Technology+and+Business+Solutions+Limited,https://www.linkedin.com/jobs/search/?keywords=Innovation+Technology+and+Business+Solutions+Limited+Generative+AI+Engineer+OR+Applied+AI+Engineer+OR+AI+Software+Engineer+OR+Backend+Engineer+OR+Python+Engineer+OR+Full+Stack+Engineer,https://www.linkedin.com/search/results/people/?keywords=Innovation+Technology+and+Business+Solutions+Limited+Technical+Recruiter+OR+Engineering+Recruiter+OR+Talent+Acquisition+OR+Internal+Recruiter,https://www.linkedin.com/search/results/people/?keywords=Innovation+Technology+and+Business+Solutions+Limited+Engineering+Manager+OR+Head+of+Engineering+OR+Head+of+AI+OR+CTO,The company name suggests a technology or product-oriented business. It is already licensed for the Skilled Worker route. It has a listed presence in London.,"Hi, I noticed Innovation Technology and Business Solutions Limited is a licensed sponsor. I’m a UK-based applied AI/software engineer with 3+ years in Python, FastAPI, React, and production AI systems. I’d value connecting and learning about relevant engineering openings at Innovation Technology and"
Brain Labs Digital Ltd,95,['London'],[],"['Global Business Mobility: Senior or Specialist Worker', 'Skilled Worker']","['ai', 'digital', 'tech']",https://www.linkedin.com/search/results/companies/?keywords=Brain+Labs+Digital+Ltd,https://www.linkedin.com/jobs/search/?keywords=Brain+Labs+Digital+Ltd+Generative+AI+Engineer+OR+Applied+AI+Engineer+OR+AI+Software+Engineer+OR+Backend+Engineer+OR+Python+Engineer+OR+Full+Stack+Engineer,https://www.linkedin.com/search/results/people/?keywords=Brain+Labs+Digital+Ltd+Technical+Recruiter+OR+Engineering+Recruiter+OR+Talent+Acquisition+OR+Internal+Recruiter,https://www.linkedin.com/search/results/people/?keywords=Brain+Labs+Digital+Ltd+Engineering+Manager+OR+Head+of+Engineering+OR+Head+of+AI+OR+CTO,The company name suggests a technology or product-oriented business. It is already licensed for the Skilled Worker route. It has a listed presence in London.,"Hi, I noticed Brain Labs Digital Ltd is a licensed sponsor. I’m a UK-based applied AI/software engineer with 3+ years in Python, FastAPI, React, and production AI systems. I’d value connecting and learning about relevant engineering openings at Brain Labs Digital Ltd."
Core Technology Systems Uk Ltd,94,['LONDON'],[],['Skilled Worker'],"['systems', 'tech', 'technology']",https://www.linkedin.com/search/results/companies/?keywords=Core+Technology+Systems+Uk+Ltd,https://www.linkedin.com/jobs/search/?keywords=Core+Technology+Systems+Uk+Ltd+Generative+AI+Engineer+OR+Applied+AI+Engineer+OR+AI+Software+Engineer+OR+Backend+Engineer+OR+Python+Engineer+OR+Full+Stack+Engineer,https://www.linkedin.com/search/results/people/?keywords=Core+Technology+Systems+Uk+Ltd+Technical+Recruiter+OR+Engineering+Recruiter+OR+Talent+Acquisition+OR+Internal+Recruiter,https://www.linkedin.com/search/results/people/?keywords=Core+Technology+Systems+Uk+Ltd+Engineering+Manager+OR+Head+of+Engineering+OR+Head+of+AI+OR+CTO,The company name suggests a technology or product-oriented business. It is already licensed for the Skilled Worker route. It has a listed presence in LONDON.,"Hi, I noticed Core Technology Systems Uk Ltd is a licensed sponsor. I’m a UK-based applied AI/software engineer with 3+ years in Python, FastAPI, React, and production AI systems. I’d value connecting and learning about relevant engineering openings at Core Technology Systems Uk Ltd."
IDEABEAN SOFTWARE TECHNOLOGY LTD k,94,['eighley'],['Worker ('],['Skilled Worker'],"['software', 'tech', 'technology']",https://www.linkedin.com/search/results/companies/?keywords=IDEABEAN+SOFTWARE+TECHNOLOGY+LTD+k,https://www.linkedin.com/jobs/search/?keywords=IDEABEAN+SOFTWARE+TECHNOLOGY+LTD+k+Generative+AI+Engineer+OR+Applied+AI+Engineer+OR+AI+Software+Engineer+OR+Backend+Engineer+OR+Python+Engineer+OR+Full+Stack+Engineer,https://www.linkedin.com/search/results/people/?keywords=IDEABEAN+SOFTWARE+TECHNOLOGY+LTD+k+Technical+Recruiter+OR+Engineering+Recruiter+OR+Talent+Acquisition+OR+Internal+Recruiter,https://www.linkedin.com/search/results/people/?keywords=IDEABEAN+SOFTWARE+TECHNOLOGY+LTD+k+Engineering+Manager+OR+Head+of+Engineering+OR+Head+of+AI+OR+CTO,The company name suggests a technology or product-oriented business. It is already licensed for the Skilled Worker route. It has a listed presence in eighley.,"Hi, I noticed IDEABEAN SOFTWARE TECHNOLOGY LTD k is a licensed sponsor. I’m a UK-based applied AI/software engineer with 3+ years in Python, FastAPI, React, and production AI systems. I’d value connecting and learning about relevant engineering openings at IDEABEAN SOFTWARE TECHNOLOGY LTD k."
KLV Software Solutions Ltd Staines,94,[],['Worker (A ratin'],['Skilled Worker'],"['ai', 'services', 'software', 'tech']",https://www.linkedin.com/search/results/companies/?keywords=KLV+Software+Solutions+Ltd+Staines,https://www.linkedin.com/jobs/search/?keywords=KLV+Software+Solutions+Ltd+Staines+Generative+AI+Engineer+OR+Applied+AI+Engineer+OR+AI+Software+Engineer+OR+Backend+Engineer+OR+Python+Engineer+OR+Full+Stack+Engineer,https://www.linkedin.com/search/results/people/?keywords=KLV+Software+Solutions+Ltd+Staines+Technical+Recruiter+OR+Engineering+Recruiter+OR+Talent+Acquisition+OR+Internal+Recruiter,https://www.linkedin.com/search/results/people/?keywords=KLV+Software+Solutions+Ltd+Staines+Engineering+Manager+OR+Head+of+Engineering+OR+Head+of+AI+OR+CTO,The company name suggests a technology or product-oriented business. It is already licensed for the Skilled Worker route.,"Hi, I noticed KLV Software Solutions Ltd Staines is a licensed sponsor. I’m a UK-based applied AI/software engineer with 3+ years in Python, FastAPI, React, and production AI systems. I’d value connecting and learning about relevant engineering openings at KLV Software Solutions Ltd Staines."
MAIA Tech Systems Ltd,94,['Hudders eld'],['West Yorkshire W'],['Skilled Worker'],"['ai', 'systems', 'tech']",https://www.linkedin.com/search/results/companies/?keywords=MAIA+Tech+Systems+Ltd,https://www.linkedin.com/jobs/search/?keywords=MAIA+Tech+Systems+Ltd+Generative+AI+Engineer+OR+Applied+AI+Engineer+OR+AI+Software+Engineer+OR+Backend+Engineer+OR+Python+Engineer+OR+Full+Stack+Engineer,https://www.linkedin.com/search/results/people/?keywords=MAIA+Tech+Systems+Ltd+Technical+Recruiter+OR+Engineering+Recruiter+OR+Talent+Acquisition+OR+Internal+Recruiter,https://www.linkedin.com/search/results/people/?keywords=MAIA+Tech+Systems+Ltd+Engineering+Manager+OR+Head+of+Engineering+OR+Head+of+AI+OR+CTO,The company name suggests a technology or product-oriented business. It is already licensed for the Skilled Worker route. It has a listed presence in Hudders eld.,"Hi, I noticed MAIA Tech Systems Ltd is a licensed sponsor. I’m a UK-based applied AI/software engineer with 3+ years in Python, FastAPI, React, and production AI systems. I’d value connecting and learning about relevant engineering openings at MAIA Tech Systems Ltd."
Rainbow Software Solutions Limited Leed,94,['s We'],['st Yorkshire Work'],['Skilled Worker'],"['ai', 'services', 'software', 'tech']",https://www.linkedin.com/search/results/companies/?keywords=Rainbow+Software+Solutions+Limited+Leed,https://www.linkedin.com/jobs/search/?keywords=Rainbow+Software+Solutions+Limited+Leed+Generative+AI+Engineer+OR+Applied+AI+Engineer+OR+AI+Software+Engineer+OR+Backend+Engineer+OR+Python+Engineer+OR+Full+Stack+Engineer,https://www.linkedin.com/search/results/people/?keywords=Rainbow+Software+Solutions+Limited+Leed+Technical+Recruiter+OR+Engineering+Recruiter+OR+Talent+Acquisition+OR+Internal+Recruiter,https://www.linkedin.com/search/results/people/?keywords=Rainbow+Software+Solutions+Limited+Leed+Engineering+Manager+OR+Head+of+Engineering+OR+Head+of+AI+OR+CTO,The company name suggests a technology or product-oriented business. It is already licensed for the Skilled Worker route. It has a listed presence in s We.,"Hi, I noticed Rainbow Software Solutions Limited Leed is a licensed sponsor. I’m a UK-based applied AI/software engineer with 3+ years in Python, FastAPI, React, and production AI systems. I’d value connecting and learning about relevant engineering openings at Rainbow Software Solutions Limited Lee"
TOP SUN TECHNOLOGY DEVELOPMENT LIMITED Cramli,94,['ngton'],['Worker (A r'],['Skilled Worker'],"['tech', 'technology']",https://www.linkedin.com/search/results/companies/?keywords=TOP+SUN+TECHNOLOGY+DEVELOPMENT+LIMITED+Cramli,https://www.linkedin.com/jobs/search/?keywords=TOP+SUN+TECHNOLOGY+DEVELOPMENT+LIMITED+Cramli+Generative+AI+Engineer+OR+Applied+AI+Engineer+OR+AI+Software+Engineer+OR+Backend+Engineer+OR+Python+Engineer+OR+Full+Stack+Engineer,https://www.linkedin.com/search/results/people/?keywords=TOP+SUN+TECHNOLOGY+DEVELOPMENT+LIMITED+Cramli+Technical+Recruiter+OR+Engineering+Recruiter+OR+Talent+Acquisition+OR+Internal+Recruiter,https://www.linkedin.com/search/results/people/?keywords=TOP+SUN+TECHNOLOGY+DEVELOPMENT+LIMITED+Cramli+Engineering+Manager+OR+Head+of+Engineering+OR+Head+of+AI+OR+CTO,The company name suggests a technology or product-oriented business. It is already licensed for the Skilled Worker route. It has a listed presence in ngton.,"Hi, I noticed TOP SUN TECHNOLOGY DEVELOPMENT LIMITED Cramli is a licensed sponsor. I’m a UK-based applied AI/software engineer with 3+ years in Python, FastAPI, React, and production AI systems. I’d value connecting and learning about relevant engineering openings at TOP SUN TECHNOLOGY DEVELOPMENT L"
AI DATA LABS LTD London,92,[],['Worker ('],['Skilled Worker'],"['ai', 'data', 'tech']",https://www.linkedin.com/search/results/companies/?keywords=AI+DATA+LABS+LTD+London,https://www.linkedin.com/jobs/search/?keywords=AI+DATA+LABS+LTD+London+Generative+AI+Engineer+OR+Applied+AI+Engineer+OR+AI+Software+Engineer+OR+Backend+Engineer+OR+Python+Engineer+OR+Full+Stack+Engineer,https://www.linkedin.com/search/results/people/?keywords=AI+DATA+LABS+LTD+London+Technical+Recruiter+OR+Engineering+Recruiter+OR+Talent+Acquisition+OR+Internal+Recruiter,https://www.linkedin.com/search/results/people/?keywords=AI+DATA+LABS+LTD+London+Engineering+Manager+OR+Head+of+Engineering+OR+Head+of+AI+OR+CTO,The company name suggests a technology or product-oriented business. It is already licensed for the Skilled Worker route.,"Hi, I noticed AI DATA LABS LTD London is a licensed sponsor. I’m a UK-based applied AI/software engineer with 3+ years in Python, FastAPI, React, and production AI systems. I’d value connecting and learning about relevant engineering openings at AI DATA LABS LTD London."
CloudMind AI Limited Bromley,92,[],['Worker (A rating)'],['Skilled Worker'],"['ai', 'cloud', 'tech']",https://www.linkedin.com/search/results/companies/?keywords=CloudMind+AI+Limited+Bromley,https://www.linkedin.com/jobs/search/?keywords=CloudMind+AI+Limited+Bromley+Generative+AI+Engineer+OR+Applied+AI+Engineer+OR+AI+Software+Engineer+OR+Backend+Engineer+OR+Python+Engineer+OR+Full+Stack+Engineer,https://www.linkedin.com/search/results/people/?keywords=CloudMind+AI+Limited+Bromley+Technical+Recruiter+OR+Engineering+Recruiter+OR+Talent+Acquisition+OR+Internal+Recruiter,https://www.linkedin.com/search/results/people/?keywords=CloudMind+AI+Limited+Bromley+Engineering+Manager+OR+Head+of+Engineering+OR+Head+of+AI+OR+CTO,The company name suggests a technology or product-oriented business. It is already licensed for the Skilled Worker route.,"Hi, I noticed CloudMind AI Limited Bromley is a licensed sponsor. I’m a UK-based applied AI/software engineer with 3+ years in Python, FastAPI, React, and production AI systems. I’d value connecting and learning about relevant engineering openings at CloudMind AI Limited Bromley."
Cloudscouts Technology Services UK Ltd Slough,92,['Berkshire'],['Worker (A rating)'],['Skilled Worker'],"['cloud', 'services', 'tech', 'technology']",https://www.linkedin.com/search/results/companies/?keywords=Cloudscouts+Technology+Services+UK+Ltd+Slough,https://www.linkedin.com/jobs/search/?keywords=Cloudscouts+Technology+Services+UK+Ltd+Slough+Generative+AI+Engineer+OR+Applied+AI+Engineer+OR+AI+Software+Engineer+OR+Backend+Engineer+OR+Python+Engineer+OR+Full+Stack+Engineer,https://www.linkedin.com/search/results/people/?keywords=Cloudscouts+Technology+Services+UK+Ltd+Slough+Technical+Recruiter+OR+Engineering+Recruiter+OR+Talent+Acquisition+OR+Internal+Recruiter,https://www.linkedin.com/search/results/people/?keywords=Cloudscouts+Technology+Services+UK+Ltd+Slough+Engineering+Manager+OR+Head+of+Engineering+OR+Head+of+AI+OR+CTO,The company name suggests a technology or product-oriented business. It is already licensed for the Skilled Worker route. It has a listed presence in Berkshire.,"Hi, I noticed Cloudscouts Technology Services UK Ltd Slough is a licensed sponsor. I’m a UK-based applied AI/software engineer with 3+ years in Python, FastAPI, React, and production AI systems. I’d value connecting and learning about relevant engineering openings at Cloudscouts Technology Services "
Cloudtech Technology Services Ltd Hudders eld,92,[],['Worker (A rating)'],['Skilled Worker'],"['cloud', 'services', 'tech', 'technology']",https://www.linkedin.com/search/results/companies/?keywords=Cloudtech+Technology+Services+Ltd+Hudders+eld,https://www.linkedin.com/jobs/search/?keywords=Cloudtech+Technology+Services+Ltd+Hudders+eld+Generative+AI+Engineer+OR+Applied+AI+Engineer+OR+AI+Software+Engineer+OR+Backend+Engineer+OR+Python+Engineer+OR+Full+Stack+Engineer,https://www.linkedin.com/search/results/people/?keywords=Cloudtech+Technology+Services+Ltd+Hudders+eld+Technical+Recruiter+OR+Engineering+Recruiter+OR+Talent+Acquisition+OR+Internal+Recruiter,https://www.linkedin.com/search/results/people/?keywords=Cloudtech+Technology+Services+Ltd+Hudders+eld+Engineering+Manager+OR+Head+of+Engineering+OR+Head+of+AI+OR+CTO,The company name suggests a technology or product-oriented business. It is already licensed for the Skilled Worker route.,"Hi, I noticed Cloudtech Technology Services Ltd Hudders eld is a licensed sponsor. I’m a UK-based applied AI/software engineer with 3+ years in Python, FastAPI, React, and production AI systems. I’d value connecting and learning about relevant engineering openings at Cloudtech Technology Services Lt"
Digital.ai Software (UK) Ltd.,91,['London'],[],['orker'],"['ai', 'digital', 'software', 'tech']",https://www.linkedin.com/search/results/companies/?keywords=Digital.ai+Software+%28UK%29+Ltd.,https://www.linkedin.com/jobs/search/?keywords=Digital.ai+Software+%28UK%29+Ltd.+Generative+AI+Engineer+OR+Applied+AI+Engineer+OR+AI+Software+Engineer+OR+Backend+Engineer+OR+Python+Engineer+OR+Full+Stack+Engineer,https://www.linkedin.com/search/results/people/?keywords=Digital.ai+Software+%28UK%29+Ltd.+Technical+Recruiter+OR+Engineering+Recruiter+OR+Talent+Acquisition+OR+Internal+Recruiter,https://www.linkedin.com/search/results/people/?keywords=Digital.ai+Software+%28UK%29+Ltd.+Engineering+Manager+OR+Head+of+Engineering+OR+Head+of+AI+OR+CTO,The company name suggests a technology or product-oriented business. It has a listed presence in London.,"Hi, I noticed Digital.ai Software (UK) Ltd. is a licensed sponsor. I’m a UK-based applied AI/software engineer with 3+ years in Python, FastAPI, React, and production AI systems. I’d value connecting and learning about relevant engineering openings at Digital.ai Software (UK) Ltd.."
Fintech Digital Solutions Ltd London,91,[],['Worker (A rating)'],['Skilled Worker'],"['digital', 'finance', 'services', 'tech']",https://www.linkedin.com/search/results/companies/?keywords=Fintech+Digital+Solutions+Ltd+London,https://www.linkedin.com/jobs/search/?keywords=Fintech+Digital+Solutions+Ltd+London+Generative+AI+Engineer+OR+Applied+AI+Engineer+OR+AI+Software+Engineer+OR+Backend+Engineer+OR+Python+Engineer+OR+Full+Stack+Engineer,https://www.linkedin.com/search/results/people/?keywords=Fintech+Digital+Solutions+Ltd+London+Technical+Recruiter+OR+Engineering+Recruiter+OR+Talent+Acquisition+OR+Internal+Recruiter,https://www.linkedin.com/search/results/people/?keywords=Fintech+Digital+Solutions+Ltd+London+Engineering+Manager+OR+Head+of+Engineering+OR+Head+of+AI+OR+CTO,The company name suggests a technology or product-oriented business. It is already licensed for the Skilled Worker route.,"Hi, I noticed Fintech Digital Solutions Ltd London is a licensed sponsor. I’m a UK-based applied AI/software engineer with 3+ years in Python, FastAPI, React, and production AI systems. I’d value connecting and learning about relevant engineering openings at Fintech Digital Solutions Ltd London."
Nimbus Digital & Technology Innovations Stratford-upon-Avon,91,[],['Warwicks'],['Skilled Worker'],"['digital', 'tech', 'technology']",https://www.linkedin.com/search/results/companies/?keywords=Nimbus+Digital+%26+Technology+Innovations+Stratford-upon-Avon,https://www.linkedin.com/jobs/search/?keywords=Nimbus+Digital+%26+Technology+Innovations+Stratford-upon-Avon+Generative+AI+Engineer+OR+Applied+AI+Engineer+OR+AI+Software+Engineer+OR+Backend+Engineer+OR+Python+Engineer+OR+Full+Stack+Engineer,https://www.linkedin.com/search/results/people/?keywords=Nimbus+Digital+%26+Technology+Innovations+Stratford-upon-Avon+Technical+Recruiter+OR+Engineering+Recruiter+OR+Talent+Acquisition+OR+Internal+Recruiter,https://www.linkedin.com/search/results/people/?keywords=Nimbus+Digital+%26+Technology+Innovations+Stratford-upon-Avon+Engineering+Manager+OR+Head+of+Engineering+OR+Head+of+AI+OR+CTO,The company name suggests a technology or product-oriented business. It is already licensed for the Skilled Worker route.,"Hi, I noticed Nimbus Digital & Technology Innovations Stratford-upon-Avon is a licensed sponsor. I’m a UK-based applied AI/software engineer with 3+ years in Python, FastAPI, React, and production AI systems. I’d value connecting and learning about relevant engineering openings at Nimbus Digital & T"
Data Market Information Technology Ltd Lon,90,['don'],['Worker ('],['Skilled Worker'],"['data', 'tech', 'technology']",https://www.linkedin.com/search/results/companies/?keywords=Data+Market+Information+Technology+Ltd+Lon,https://www.linkedin.com/jobs/search/?keywords=Data+Market+Information+Technology+Ltd+Lon+Generative+AI+Engineer+OR+Applied+AI+Engineer+OR+AI+Software+Engineer+OR+Backend+Engineer+OR+Python+Engineer+OR+Full+Stack+Engineer,https://www.linkedin.com/search/results/people/?keywords=Data+Market+Information+Technology+Ltd+Lon+Technical+Recruiter+OR+Engineering+Recruiter+OR+Talent+Acquisition+OR+Internal+Recruiter,https://www.linkedin.com/search/results/people/?keywords=Data+Market+Information+Technology+Ltd+Lon+Engineering+Manager+OR+Head+of+Engineering+OR+Head+of+AI+OR+CTO,The company name suggests a technology or product-oriented business. It is already licensed for the Skilled Worker route. It has a listed presence in don.,"Hi, I noticed Data Market Information Technology Ltd Lon is a licensed sponsor. I’m a UK-based applied AI/software engineer with 3+ years in Python, FastAPI, React, and production AI systems. I’d value connecting and learning about relevant engineering openings at Data Market Information Technology "
Data Technology Limited Rickmanswor,90,['th'],['Worker (A rat'],['Skilled Worker'],"['data', 'tech', 'technology']",https://www.linkedin.com/search/results/companies/?keywords=Data+Technology+Limited+Rickmanswor,https://www.linkedin.com/jobs/search/?keywords=Data+Technology+Limited+Rickmanswor+Generative+AI+Engineer+OR+Applied+AI+Engineer+OR+AI+Software+Engineer+OR+Backend+Engineer+OR+Python+Engineer+OR+Full+Stack+Engineer,https://www.linkedin.com/search/results/people/?keywords=Data+Technology+Limited+Rickmanswor+Technical+Recruiter+OR+Engineering+Recruiter+OR+Talent+Acquisition+OR+Internal+Recruiter,https://www.linkedin.com/search/results/people/?keywords=Data+Technology+Limited+Rickmanswor+Engineering+Manager+OR+Head+of+Engineering+OR+Head+of+AI+OR+CTO,The company name suggests a technology or product-oriented business. It is already licensed for the Skilled Worker route. It has a listed presence in th.,"Hi, I noticed Data Technology Limited Rickmanswor is a licensed sponsor. I’m a UK-based applied AI/software engineer with 3+ years in Python, FastAPI, React, and production AI systems. I’d value connecting and learning about relevant engineering openings at Data Technology Limited Rickmanswor."
"DONGYI MEDICAL DEVICE TECHNOLOGY CO., LTD",90,['London'],['Wor'],['Skilled Worker'],"['tech', 'technology']",https://www.linkedin.com/search/results/companies/?keywords=DONGYI+MEDICAL+DEVICE+TECHNOLOGY+CO.%2C+LTD,https://www.linkedin.com/jobs/search/?keywords=DONGYI+MEDICAL+DEVICE+TECHNOLOGY+CO.%2C+LTD+Generative+AI+Engineer+OR+Applied+AI+Engineer+OR+AI+Software+Engineer+OR+Backend+Engineer+OR+Python+Engineer+OR+Full+Stack+Engineer,https://www.linkedin.com/search/results/people/?keywords=DONGYI+MEDICAL+DEVICE+TECHNOLOGY+CO.%2C+LTD+Technical+Recruiter+OR+Engineering+Recruiter+OR+Talent+Acquisition+OR+Internal+Recruiter,https://www.linkedin.com/search/results/people/?keywords=DONGYI+MEDICAL+DEVICE+TECHNOLOGY+CO.%2C+LTD+Engineering+Manager+OR+Head+of+Engineering+OR+Head+of+AI+OR+CTO,The company name suggests a technology or product-oriented business. It is already licensed for the Skilled Worker route. It has a listed presence in London.,"Hi, I noticed DONGYI MEDICAL DEVICE TECHNOLOGY CO., LTD is a licensed sponsor. I’m a UK-based applied AI/software engineer with 3+ years in Python, FastAPI, React, and production AI systems. I’d value connecting and learning about relevant engineering openings at DONGYI MEDICAL DEVICE TECHNOLOGY CO."
Glory Technology Development UK Ltd,90,['London'],['Work'],"['Skilled Worker', 'bal Business Mobility: Senior or Specialist Worker']","['tech', 'technology']",https://www.linkedin.com/search/results/companies/?keywords=Glory+Technology+Development+UK+Ltd,https://www.linkedin.com/jobs/search/?keywords=Glory+Technology+Development+UK+Ltd+Generative+AI+Engineer+OR+Applied+AI+Engineer+OR+AI+Software+Engineer+OR+Backend+Engineer+OR+Python+Engineer+OR+Full+Stack+Engineer,https://www.linkedin.com/search/results/people/?keywords=Glory+Technology+Development+UK+Ltd+Technical+Recruiter+OR+Engineering+Recruiter+OR+Talent+Acquisition+OR+Internal+Recruiter,https://www.linkedin.com/search/results/people/?keywords=Glory+Technology+Development+UK+Ltd+Engineering+Manager+OR+Head+of+Engineering+OR+Head+of+AI+OR+CTO,The company name suggests a technology or product-oriented business. It is already licensed for the Skilled Worker route. It has a listed presence in London.,"Hi, I noticed Glory Technology Development UK Ltd is a licensed sponsor. I’m a UK-based applied AI/software engineer with 3+ years in Python, FastAPI, React, and production AI systems. I’d value connecting and learning about relevant engineering openings at Glory Technology Development UK Ltd."
GKN Aerospace Services - Engineering and Technology,89,['Bristol'],['Work'],"['Skilled Worker', 'bal Business Mobility: Senior or Specialist Worker']","['services', 'tech', 'technology']",https://www.linkedin.com/search/results/companies/?keywords=GKN+Aerospace+Services+-+Engineering+and+Technology,https://www.linkedin.com/jobs/search/?keywords=GKN+Aerospace+Services+-+Engineering+and+Technology+Generative+AI+Engineer+OR+Applied+AI+Engineer+OR+AI+Software+Engineer+OR+Backend+Engineer+OR+Python+Engineer+OR+Full+Stack+Engineer,https://www.linkedin.com/search/results/people/?keywords=GKN+Aerospace+Services+-+Engineering+and+Technology+Technical+Recruiter+OR+Engineering+Recruiter+OR+Talent+Acquisition+OR+Internal+Recruiter,https://www.linkedin.com/search/results/people/?keywords=GKN+Aerospace+Services+-+Engineering+and+Technology+Engineering+Manager+OR+Head+of+Engineering+OR+Head+of+AI+OR+CTO,The company name suggests a technology or product-oriented business. It is already licensed for the Skilled Worker route. It has a listed presence in Bristol.,"Hi, I noticed GKN Aerospace Services - Engineering and Technology is a licensed sponsor. I’m a UK-based applied AI/software engineer with 3+ years in Python, FastAPI, React, and production AI systems. I’d value connecting and learning about relevant engineering openings at GKN Aerospace Services - E"
Independent Technology Systems Limited,89,['Bristol'],['Worker'],"['Skilled Worker', 'l Business Mobility: Senior or Specialist Worker']","['systems', 'tech', 'technology']",https://www.linkedin.com/search/results/companies/?keywords=Independent+Technology+Systems+Limited,https://www.linkedin.com/jobs/search/?keywords=Independent+Technology+Systems+Limited+Generative+AI+Engineer+OR+Applied+AI+Engineer+OR+AI+Software+Engineer+OR+Backend+Engineer+OR+Python+Engineer+OR+Full+Stack+Engineer,https://www.linkedin.com/search/results/people/?keywords=Independent+Technology+Systems+Limited+Technical+Recruiter+OR+Engineering+Recruiter+OR+Talent+Acquisition+OR+Internal+Recruiter,https://www.linkedin.com/search/results/people/?keywords=Independent+Technology+Systems+Limited+Engineering+Manager+OR+Head+of+Engineering+OR+Head+of+AI+OR+CTO,The company name suggests a technology or product-oriented business. It is already licensed for the Skilled Worker route. It has a listed presence in Bristol.,"Hi, I noticed Independent Technology Systems Limited is a licensed sponsor. I’m a UK-based applied AI/software engineer with 3+ years in Python, FastAPI, React, and production AI systems. I’d value connecting and learning about relevant engineering openings at Independent Technology Systems Limited."
Absolute Retail Consulting Limited T/A AbsoluteLabs,88,['London'],[],['Skilled Worker'],"['ai', 'services', 'tech']",https://www.linkedin.com/search/results/companies/?keywords=Absolute+Retail+Consulting+Limited+T%2FA+AbsoluteLabs,https://www.linkedin.com/jobs/search/?keywords=Absolute+Retail+Consulting+Limited+T%2FA+AbsoluteLabs+Generative+AI+Engineer+OR+Applied+AI+Engineer+OR+AI+Software+Engineer+OR+Backend+Engineer+OR+Python+Engineer+OR+Full+Stack+Engineer,https://www.linkedin.com/search/results/people/?keywords=Absolute+Retail+Consulting+Limited+T%2FA+AbsoluteLabs+Technical+Recruiter+OR+Engineering+Recruiter+OR+Talent+Acquisition+OR+Internal+Recruiter,https://www.linkedin.com/search/results/people/?keywords=Absolute+Retail+Consulting+Limited+T%2FA+AbsoluteLabs+Engineering+Manager+OR+Head+of+Engineering+OR+Head+of+AI+OR+CTO,The company name suggests a technology or product-oriented business. It is already licensed for the Skilled Worker route. It has a listed presence in London.,"Hi, I noticed Absolute Retail Consulting Limited T/A AbsoluteLabs is a licensed sponsor. I’m a UK-based applied AI/software engineer with 3+ years in Python, FastAPI, React, and production AI systems. I’d value connecting and learning about relevant engineering openings at Absolute Retail Consulting"
Airex Technologies Ltd,88,['London'],['London'],['Skilled Worker'],"['ai', 'tech']",https://www.linkedin.com/search/results/companies/?keywords=Airex+Technologies+Ltd,https://www.linkedin.com/jobs/search/?keywords=Airex+Technologies+Ltd+Generative+AI+Engineer+OR+Applied+AI+Engineer+OR+AI+Software+Engineer+OR+Backend+Engineer+OR+Python+Engineer+OR+Full+Stack+Engineer,https://www.linkedin.com/search/results/people/?keywords=Airex+Technologies+Ltd+Technical+Recruiter+OR+Engineering+Recruiter+OR+Talent+Acquisition+OR+Internal+Recruiter,https://www.linkedin.com/search/results/people/?keywords=Airex+Technologies+Ltd+Engineering+Manager+OR+Head+of+Engineering+OR+Head+of+AI+OR+CTO,The company name suggests a technology or product-oriented business. It is already licensed for the Skilled Worker route. It has a listed presence in London.,"Hi, I noticed Airex Technologies Ltd is a licensed sponsor. I’m a UK-based applied AI/software engineer with 3+ years in Python, FastAPI, React, and production AI systems. I’d value connecting and learning about relevant engineering openings at Airex Technologies Ltd."
ATLANTIS TECHNOLOGY SOLUTIONS LIMITED,88,['LONDON'],['UNITED KINGDOM Wo'],['Skilled Worker'],"['services', 'tech', 'technology']",https://www.linkedin.com/search/results/companies/?keywords=ATLANTIS+TECHNOLOGY+SOLUTIONS+LIMITED,https://www.linkedin.com/jobs/search/?keywords=ATLANTIS+TECHNOLOGY+SOLUTIONS+LIMITED+Generative+AI+Engineer+OR+Applied+AI+Engineer+OR+AI+Software+Engineer+OR+Backend+Engineer+OR+Python+Engineer+OR+Full+Stack+Engineer,https://www.linkedin.com/search/results/people/?keywords=ATLANTIS+TECHNOLOGY+SOLUTIONS+LIMITED+Technical+Recruiter+OR+Engineering+Recruiter+OR+Talent+Acquisition+OR+Internal+Recruiter,https://www.linkedin.com/search/results/people/?keywords=ATLANTIS+TECHNOLOGY+SOLUTIONS+LIMITED+Engineering+Manager+OR+Head+of+Engineering+OR+Head+of+AI+OR+CTO,The company name suggests a technology or product-oriented business. It is already licensed for the Skilled Worker route. It has a listed presence in LONDON.,"Hi, I noticed ATLANTIS TECHNOLOGY SOLUTIONS LIMITED is a licensed sponsor. I’m a UK-based applied AI/software engineer with 3+ years in Python, FastAPI, React, and production AI systems. I’d value connecting and learning about relevant engineering openings at ATLANTIS TECHNOLOGY SOLUTIONS LIMITED."
BANTAIN TECH SOLUTIONS LTD Lo,88,['ndon'],[],['Skilled Worker'],"['ai', 'services', 'tech']",https://www.linkedin.com/search/results/companies/?keywords=BANTAIN+TECH+SOLUTIONS+LTD+Lo,https://www.linkedin.com/jobs/search/?keywords=BANTAIN+TECH+SOLUTIONS+LTD+Lo+Generative+AI+Engineer+OR+Applied+AI+Engineer+OR+AI+Software+Engineer+OR+Backend+Engineer+OR+Python+Engineer+OR+Full+Stack+Engineer,https://www.linkedin.com/search/results/people/?keywords=BANTAIN+TECH+SOLUTIONS+LTD+Lo+Technical+Recruiter+OR+Engineering+Recruiter+OR+Talent+Acquisition+OR+Internal+Recruiter,https://www.linkedin.com/search/results/people/?keywords=BANTAIN+TECH+SOLUTIONS+LTD+Lo+Engineering+Manager+OR+Head+of+Engineering+OR+Head+of+AI+OR+CTO,The company name suggests a technology or product-oriented business. It is already licensed for the Skilled Worker route. It has a listed presence in ndon.,"Hi, I noticed BANTAIN TECH SOLUTIONS LTD Lo is a licensed sponsor. I’m a UK-based applied AI/software engineer with 3+ years in Python, FastAPI, React, and production AI systems. I’d value connecting and learning about relevant engineering openings at BANTAIN TECH SOLUTIONS LTD Lo."
CLOUDBRAIN SOLUTIONS LIMITED,88,['Ilkeston'],['Worker'],['Skilled Worker'],"['ai', 'cloud', 'services', 'tech']",https://www.linkedin.com/search/results/companies/?keywords=CLOUDBRAIN+SOLUTIONS+LIMITED,https://www.linkedin.com/jobs/search/?keywords=CLOUDBRAIN+SOLUTIONS+LIMITED+Generative+AI+Engineer+OR+Applied+AI+Engineer+OR+AI+Software+Engineer+OR+Backend+Engineer+OR+Python+Engineer+OR+Full+Stack+Engineer,https://www.linkedin.com/search/results/people/?keywords=CLOUDBRAIN+SOLUTIONS+LIMITED+Technical+Recruiter+OR+Engineering+Recruiter+OR+Talent+Acquisition+OR+Internal+Recruiter,https://www.linkedin.com/search/results/people/?keywords=CLOUDBRAIN+SOLUTIONS+LIMITED+Engineering+Manager+OR+Head+of+Engineering+OR+Head+of+AI+OR+CTO,The company name suggests a technology or product-oriented business. It is already licensed for the Skilled Worker route. It has a listed presence in Ilkeston.,"Hi, I noticed CLOUDBRAIN SOLUTIONS LIMITED is a licensed sponsor. I’m a UK-based applied AI/software engineer with 3+ years in Python, FastAPI, React, and production AI systems. I’d value connecting and learning about relevant engineering openings at CLOUDBRAIN SOLUTIONS LIMITED."
CloudPay Technology Limited Andover,88,[],['Worker (A rating)'],"['Skilled Worker', 'enior or Specialist Worker']","['cloud', 'tech', 'technology']",https://www.linkedin.com/search/results/companies/?keywords=CloudPay+Technology+Limited+Andover,https://www.linkedin.com/jobs/search/?keywords=CloudPay+Technology+Limited+Andover+Generative+AI+Engineer+OR+Applied+AI+Engineer+OR+AI+Software+Engineer+OR+Backend+Engineer+OR+Python+Engineer+OR+Full+Stack+Engineer,https://www.linkedin.com/search/results/people/?keywords=CloudPay+Technology+Limited+Andover+Technical+Recruiter+OR+Engineering+Recruiter+OR+Talent+Acquisition+OR+Internal+Recruiter,https://www.linkedin.com/search/results/people/?keywords=CloudPay+Technology+Limited+Andover+Engineering+Manager+OR+Head+of+Engineering+OR+Head+of+AI+OR+CTO,The company name suggests a technology or product-oriented business. It is already licensed for the Skilled Worker route.,"Hi, I noticed CloudPay Technology Limited Andover is a licensed sponsor. I’m a UK-based applied AI/software engineer with 3+ years in Python, FastAPI, React, and production AI systems. I’d value connecting and learning about relevant engineering openings at CloudPay Technology Limited Andover."
Germains Seed Technology (a division of ABF Grain Products Limited),88,[],[],[],"['ai', 'tech', 'technology']",https://www.linkedin.com/search/results/companies/?keywords=Germains+Seed+Technology+%28a+division+of+ABF+Grain+Products+Limited%29,https://www.linkedin.com/jobs/search/?keywords=Germains+Seed+Technology+%28a+division+of+ABF+Grain+Products+Limited%29+Generative+AI+Engineer+OR+Applied+AI+Engineer+OR+AI+Software+Engineer+OR+Backend+Engineer+OR+Python+Engineer+OR+Full+Stack+Engineer,https://www.linkedin.com/search/results/people/?keywords=Germains+Seed+Technology+%28a+division+of+ABF+Grain+Products+Limited%29+Technical+Recruiter+OR+Engineering+Recruiter+OR+Talent+Acquisition+OR+Internal+Recruiter,https://www.linkedin.com/search/results/people/?keywords=Germains+Seed+Technology+%28a+division+of+ABF+Grain+Products+Limited%29+Engineering+Manager+OR+Head+of+Engineering+OR+Head+of+AI+OR+CTO,The company name suggests a technology or product-oriented business.,"Hi, I noticed Germains Seed Technology (a division of ABF Grain Products Limited) is a licensed sponsor. I’m a UK-based applied AI/software engineer with 3+ years in Python, FastAPI, React, and production AI systems. I’d value connecting and learning about relevant engineering openings at Germains S"
Hoist Global Tech Solutions UK & Europe Ltd Staines,88,[],['Worker'],['Skilled Worker'],"['ai', 'services', 'tech']",https://www.linkedin.com/search/results/companies/?keywords=Hoist+Global+Tech+Solutions+UK+%26+Europe+Ltd+Staines,https://www.linkedin.com/jobs/search/?keywords=Hoist+Global+Tech+Solutions+UK+%26+Europe+Ltd+Staines+Generative+AI+Engineer+OR+Applied+AI+Engineer+OR+AI+Software+Engineer+OR+Backend+Engineer+OR+Python+Engineer+OR+Full+Stack+Engineer,https://www.linkedin.com/search/results/people/?keywords=Hoist+Global+Tech+Solutions+UK+%26+Europe+Ltd+Staines+Technical+Recruiter+OR+Engineering+Recruiter+OR+Talent+Acquisition+OR+Internal+Recruiter,https://www.linkedin.com/search/results/people/?keywords=Hoist+Global+Tech+Solutions+UK+%26+Europe+Ltd+Staines+Engineering+Manager+OR+Head+of+Engineering+OR+Head+of+AI+OR+CTO,The company name suggests a technology or product-oriented business. It is already licensed for the Skilled Worker route.,"Hi, I noticed Hoist Global Tech Solutions UK & Europe Ltd Staines is a licensed sponsor. I’m a UK-based applied AI/software engineer with 3+ years in Python, FastAPI, React, and production AI systems. I’d value connecting and learning about relevant engineering openings at Hoist Global Tech Solution"
In uential Software Services Ltd Maid,88,['stone Kent'],['Worker (A r'],['Skilled Worker'],"['ai', 'services', 'software', 'tech']",https://www.linkedin.com/search/results/companies/?keywords=In+uential+Software+Services+Ltd+Maid,https://www.linkedin.com/jobs/search/?keywords=In+uential+Software+Services+Ltd+Maid+Generative+AI+Engineer+OR+Applied+AI+Engineer+OR+AI+Software+Engineer+OR+Backend+Engineer+OR+Python+Engineer+OR+Full+Stack+Engineer,https://www.linkedin.com/search/results/people/?keywords=In+uential+Software+Services+Ltd+Maid+Technical+Recruiter+OR+Engineering+Recruiter+OR+Talent+Acquisition+OR+Internal+Recruiter,https://www.linkedin.com/search/results/people/?keywords=In+uential+Software+Services+Ltd+Maid+Engineering+Manager+OR+Head+of+Engineering+OR+Head+of+AI+OR+CTO,The company name suggests a technology or product-oriented business. It is already licensed for the Skilled Worker route. It has a listed presence in stone Kent.,"Hi, I noticed In uential Software Services Ltd Maid is a licensed sponsor. I’m a UK-based applied AI/software engineer with 3+ years in Python, FastAPI, React, and production AI systems. I’d value connecting and learning about relevant engineering openings at In uential Software Services Ltd Maid."
Progressive Technology Solutions Limited,88,['London'],[],['Skilled Worker'],"['services', 'tech', 'technology']",https://www.linkedin.com/search/results/companies/?keywords=Progressive+Technology+Solutions+Limited,https://www.linkedin.com/jobs/search/?keywords=Progressive+Technology+Solutions+Limited+Generative+AI+Engineer+OR+Applied+AI+Engineer+OR+AI+Software+Engineer+OR+Backend+Engineer+OR+Python+Engineer+OR+Full+Stack+Engineer,https://www.linkedin.com/search/results/people/?keywords=Progressive+Technology+Solutions+Limited+Technical+Recruiter+OR+Engineering+Recruiter+OR+Talent+Acquisition+OR+Internal+Recruiter,https://www.linkedin.com/search/results/people/?keywords=Progressive+Technology+Solutions+Limited+Engineering+Manager+OR+Head+of+Engineering+OR+Head+of+AI+OR+CTO,The company name suggests a technology or product-oriented business. It is already licensed for the Skilled Worker route. It has a listed presence in London.,"Hi, I noticed Progressive Technology Solutions Limited is a licensed sponsor. I’m a UK-based applied AI/software engineer with 3+ years in Python, FastAPI, React, and production AI systems. I’d value connecting and learning about relevant engineering openings at Progressive Technology Solutions Limi"
Regal Technical and Training Solutions ltd Slough,88,['Berk'],['shire Work'],['Skilled Worker'],"['ai', 'services', 'tech']",https://www.linkedin.com/search/results/companies/?keywords=Regal+Technical+and+Training+Solutions+ltd+Slough,https://www.linkedin.com/jobs/search/?keywords=Regal+Technical+and+Training+Solutions+ltd+Slough+Generative+AI+Engineer+OR+Applied+AI+Engineer+OR+AI+Software+Engineer+OR+Backend+Engineer+OR+Python+Engineer+OR+Full+Stack+Engineer,https://www.linkedin.com/search/results/people/?keywords=Regal+Technical+and+Training+Solutions+ltd+Slough+Technical+Recruiter+OR+Engineering+Recruiter+OR+Talent+Acquisition+OR+Internal+Recruiter,https://www.linkedin.com/search/results/people/?keywords=Regal+Technical+and+Training+Solutions+ltd+Slough+Engineering+Manager+OR+Head+of+Engineering+OR+Head+of+AI+OR+CTO,The company name suggests a technology or product-oriented business. It is already licensed for the Skilled Worker route. It has a listed presence in Berk.,"Hi, I noticed Regal Technical and Training Solutions ltd Slough is a licensed sponsor. I’m a UK-based applied AI/software engineer with 3+ years in Python, FastAPI, React, and production AI systems. I’d value connecting and learning about relevant engineering openings at Regal Technical and Training"
SAIC Motor UK Technical Centre Limited,88,['London'],[],"['Skilled Worker', 'lobal Business Mobility: Senior or Specialist Worker']","['ai', 'tech']",https://www.linkedin.com/search/results/companies/?keywords=SAIC+Motor+UK+Technical+Centre+Limited,https://www.linkedin.com/jobs/search/?keywords=SAIC+Motor+UK+Technical+Centre+Limited+Generative+AI+Engineer+OR+Applied+AI+Engineer+OR+AI+Software+Engineer+OR+Backend+Engineer+OR+Python+Engineer+OR+Full+Stack+Engineer,https://www.linkedin.com/search/results/people/?keywords=SAIC+Motor+UK+Technical+Centre+Limited+Technical+Recruiter+OR+Engineering+Recruiter+OR+Talent+Acquisition+OR+Internal+Recruiter,https://www.linkedin.com/search/results/people/?keywords=SAIC+Motor+UK+Technical+Centre+Limited+Engineering+Manager+OR+Head+of+Engineering+OR+Head+of+AI+OR+CTO,The company name suggests a technology or product-oriented business. It is already licensed for the Skilled Worker route. It has a listed presence in London.,"Hi, I noticed SAIC Motor UK Technical Centre Limited is a licensed sponsor. I’m a UK-based applied AI/software engineer with 3+ years in Python, FastAPI, React, and production AI systems. I’d value connecting and learning about relevant engineering openings at SAIC Motor UK Technical Centre Limited."
SailPoint Technologies UK Ltd,88,['London'],[],"['Skilled Worker', 'lobal Business Mobility: Senior or Specialist Worker']","['ai', 'tech']",https://www.linkedin.com/search/results/companies/?keywords=SailPoint+Technologies+UK+Ltd,https://www.linkedin.com/jobs/search/?keywords=SailPoint+Technologies+UK+Ltd+Generative+AI+Engineer+OR+Applied+AI+Engineer+OR+AI+Software+Engineer+OR+Backend+Engineer+OR+Python+Engineer+OR+Full+Stack+Engineer,https://www.linkedin.com/search/results/people/?keywords=SailPoint+Technologies+UK+Ltd+Technical+Recruiter+OR+Engineering+Recruiter+OR+Talent+Acquisition+OR+Internal+Recruiter,https://www.linkedin.com/search/results/people/?keywords=SailPoint+Technologies+UK+Ltd+Engineering+Manager+OR+Head+of+Engineering+OR+Head+of+AI+OR+CTO,The company name suggests a technology or product-oriented business. It is already licensed for the Skilled Worker route. It has a listed presence in London.,"Hi, I noticed SailPoint Technologies UK Ltd is a licensed sponsor. I’m a UK-based applied AI/software engineer with 3+ years in Python, FastAPI, React, and production AI systems. I’d value connecting and learning about relevant engineering openings at SailPoint Technologies UK Ltd."
Sigtech Solutions Limited Mai,88,['denhead'],['Worke'],"['Skilled Worker', 'al Business Mobility: Senior or Specialist Worker']","['ai', 'services', 'tech']",https://www.linkedin.com/search/results/companies/?keywords=Sigtech+Solutions+Limited+Mai,https://www.linkedin.com/jobs/search/?keywords=Sigtech+Solutions+Limited+Mai+Generative+AI+Engineer+OR+Applied+AI+Engineer+OR+AI+Software+Engineer+OR+Backend+Engineer+OR+Python+Engineer+OR+Full+Stack+Engineer,https://www.linkedin.com/search/results/people/?keywords=Sigtech+Solutions+Limited+Mai+Technical+Recruiter+OR+Engineering+Recruiter+OR+Talent+Acquisition+OR+Internal+Recruiter,https://www.linkedin.com/search/results/people/?keywords=Sigtech+Solutions+Limited+Mai+Engineering+Manager+OR+Head+of+Engineering+OR+Head+of+AI+OR+CTO,The company name suggests a technology or product-oriented business. It is already licensed for the Skilled Worker route. It has a listed presence in denhead.,"Hi, I noticed Sigtech Solutions Limited Mai is a licensed sponsor. I’m a UK-based applied AI/software engineer with 3+ years in Python, FastAPI, React, and production AI systems. I’d value connecting and learning about relevant engineering openings at Sigtech Solutions Limited Mai."
STRATESYS TECHNOLOGY SOLUTIONS LIMITED,88,['London'],[],['Skilled Worker'],"['services', 'tech', 'technology']",https://www.linkedin.com/search/results/companies/?keywords=STRATESYS+TECHNOLOGY+SOLUTIONS+LIMITED,https://www.linkedin.com/jobs/search/?keywords=STRATESYS+TECHNOLOGY+SOLUTIONS+LIMITED+Generative+AI+Engineer+OR+Applied+AI+Engineer+OR+AI+Software+Engineer+OR+Backend+Engineer+OR+Python+Engineer+OR+Full+Stack+Engineer,https://www.linkedin.com/search/results/people/?keywords=STRATESYS+TECHNOLOGY+SOLUTIONS+LIMITED+Technical+Recruiter+OR+Engineering+Recruiter+OR+Talent+Acquisition+OR+Internal+Recruiter,https://www.linkedin.com/search/results/people/?keywords=STRATESYS+TECHNOLOGY+SOLUTIONS+LIMITED+Engineering+Manager+OR+Head+of+Engineering+OR+Head+of+AI+OR+CTO,The company name suggests a technology or product-oriented business. It is already licensed for the Skilled Worker route. It has a listed presence in London.,"Hi, I noticed STRATESYS TECHNOLOGY SOLUTIONS LIMITED is a licensed sponsor. I’m a UK-based applied AI/software engineer with 3+ years in Python, FastAPI, React, and production AI systems. I’d value connecting and learning about relevant engineering openings at STRATESYS TECHNOLOGY SOLUTIONS LIMITED."
Tainotech Holding Limited,88,['London'],['Ms Work'],['Skilled Worker'],"['ai', 'tech']",https://www.linkedin.com/search/results/companies/?keywords=Tainotech+Holding+Limited,https://www.linkedin.com/jobs/search/?keywords=Tainotech+Holding+Limited+Generative+AI+Engineer+OR+Applied+AI+Engineer+OR+AI+Software+Engineer+OR+Backend+Engineer+OR+Python+Engineer+OR+Full+Stack+Engineer,https://www.linkedin.com/search/results/people/?keywords=Tainotech+Holding+Limited+Technical+Recruiter+OR+Engineering+Recruiter+OR+Talent+Acquisition+OR+Internal+Recruiter,https://www.linkedin.com/search/results/people/?keywords=Tainotech+Holding+Limited+Engineering+Manager+OR+Head+of+Engineering+OR+Head+of+AI+OR+CTO,The company name suggests a technology or product-oriented business. It is already licensed for the Skilled Worker route. It has a listed presence in London.,"Hi, I noticed Tainotech Holding Limited is a licensed sponsor. I’m a UK-based applied AI/software engineer with 3+ years in Python, FastAPI, React, and production AI systems. I’d value connecting and learning about relevant engineering openings at Tainotech Holding Limited."
"Department for Science, Innovation and Technology Lo",86,['ndon'],['Worker'],['Skilled Worker'],"['tech', 'technology']",https://www.linkedin.com/search/results/companies/?keywords=Department+for+Science%2C+Innovation+and+Technology+Lo,https://www.linkedin.com/jobs/search/?keywords=Department+for+Science%2C+Innovation+and+Technology+Lo+Generative+AI+Engineer+OR+Applied+AI+Engineer+OR+AI+Software+Engineer+OR+Backend+Engineer+OR+Python+Engineer+OR+Full+Stack+Engineer,https://www.linkedin.com/search/results/people/?keywords=Department+for+Science%2C+Innovation+and+Technology+Lo+Technical+Recruiter+OR+Engineering+Recruiter+OR+Talent+Acquisition+OR+Internal+Recruiter,https://www.linkedin.com/search/results/people/?keywords=Department+for+Science%2C+Innovation+and+Technology+Lo+Engineering+Manager+OR+Head+of+Engineering+OR+Head+of+AI+OR+CTO,The company name suggests a technology or product-oriented business. It is already licensed for the Skilled Worker route. It has a listed presence in ndon.,"Hi, I noticed Department for Science, Innovation and Technology Lo is a licensed sponsor. I’m a UK-based applied AI/software engineer with 3+ years in Python, FastAPI, React, and production AI systems. I’d value connecting and learning about relevant engineering openings at Department for Science, I"
FINTECHOS TECHNOLOGY UK LTD London,86,[],['Worker (A rating)'],['Skilled Worker'],"['finance', 'tech', 'technology']",https://www.linkedin.com/search/results/companies/?keywords=FINTECHOS+TECHNOLOGY+UK+LTD+London,https://www.linkedin.com/jobs/search/?keywords=FINTECHOS+TECHNOLOGY+UK+LTD+London+Generative+AI+Engineer+OR+Applied+AI+Engineer+OR+AI+Software+Engineer+OR+Backend+Engineer+OR+Python+Engineer+OR+Full+Stack+Engineer,https://www.linkedin.com/search/results/people/?keywords=FINTECHOS+TECHNOLOGY+UK+LTD+London+Technical+Recruiter+OR+Engineering+Recruiter+OR+Talent+Acquisition+OR+Internal+Recruiter,https://www.linkedin.com/search/results/people/?keywords=FINTECHOS+TECHNOLOGY+UK+LTD+London+Engineering+Manager+OR+Head+of+Engineering+OR+Head+of+AI+OR+CTO,The company name suggests a technology or product-oriented business. It is already licensed for the Skilled Worker route.,"Hi, I noticed FINTECHOS TECHNOLOGY UK LTD London is a licensed sponsor. I’m a UK-based applied AI/software engineer with 3+ years in Python, FastAPI, React, and production AI systems. I’d value connecting and learning about relevant engineering openings at FINTECHOS TECHNOLOGY UK LTD London."
Marx Technology Consulting Ltd,86,['London'],[],['Skilled Worker'],"['services', 'tech', 'technology']",https://www.linkedin.com/search/results/companies/?keywords=Marx+Technology+Consulting+Ltd,https://www.linkedin.com/jobs/search/?keywords=Marx+Technology+Consulting+Ltd+Generative+AI+Engineer+OR+Applied+AI+Engineer+OR+AI+Software+Engineer+OR+Backend+Engineer+OR+Python+Engineer+OR+Full+Stack+Engineer,https://www.linkedin.com/search/results/people/?keywords=Marx+Technology+Consulting+Ltd+Technical+Recruiter+OR+Engineering+Recruiter+OR+Talent+Acquisition+OR+Internal+Recruiter,https://www.linkedin.com/search/results/people/?keywords=Marx+Technology+Consulting+Ltd+Engineering+Manager+OR+Head+of+Engineering+OR+Head+of+AI+OR+CTO,The company name suggests a technology or product-oriented business. It is already licensed for the Skilled Worker route. It has a listed presence in London.,"Hi, I noticed Marx Technology Consulting Ltd is a licensed sponsor. I’m a UK-based applied AI/software engineer with 3+ years in Python, FastAPI, React, and production AI systems. I’d value connecting and learning about relevant engineering openings at Marx Technology Consulting Ltd."
Adelante Software Ltd Maidenhead,84,['Berkshire'],['Worker (A rating'],['Skilled Worker'],"['ai', 'software', 'tech']",https://www.linkedin.com/search/results/companies/?keywords=Adelante+Software+Ltd+Maidenhead,https://www.linkedin.com/jobs/search/?keywords=Adelante+Software+Ltd+Maidenhead+Generative+AI+Engineer+OR+Applied+AI+Engineer+OR+AI+Software+Engineer+OR+Backend+Engineer+OR+Python+Engineer+OR+Full+Stack+Engineer,https://www.linkedin.com/search/results/people/?keywords=Adelante+Software+Ltd+Maidenhead+Technical+Recruiter+OR+Engineering+Recruiter+OR+Talent+Acquisition+OR+Internal+Recruiter,https://www.linkedin.com/search/results/people/?keywords=Adelante+Software+Ltd+Maidenhead+Engineering+Manager+OR+Head+of+Engineering+OR+Head+of+AI+OR+CTO,The company name suggests a technology or product-oriented business. It is already licensed for the Skilled Worker route. It has a listed presence in Berkshire.,"Hi, I noticed Adelante Software Ltd Maidenhead is a licensed sponsor. I’m a UK-based applied AI/software engineer with 3+ years in Python, FastAPI, React, and production AI systems. I’d value connecting and learning about relevant engineering openings at Adelante Software Ltd Maidenhead."
Aico Software Limited W,84,['arwick'],['Wor'],['Skilled Worker'],"['ai', 'software', 'tech']",https://www.linkedin.com/search/results/companies/?keywords=Aico+Software+Limited+W,https://www.linkedin.com/jobs/search/?keywords=Aico+Software+Limited+W+Generative+AI+Engineer+OR+Applied+AI+Engineer+OR+AI+Software+Engineer+OR+Backend+Engineer+OR+Python+Engineer+OR+Full+Stack+Engineer,https://www.linkedin.com/search/results/people/?keywords=Aico+Software+Limited+W+Technical+Recruiter+OR+Engineering+Recruiter+OR+Talent+Acquisition+OR+Internal+Recruiter,https://www.linkedin.com/search/results/people/?keywords=Aico+Software+Limited+W+Engineering+Manager+OR+Head+of+Engineering+OR+Head+of+AI+OR+CTO,The company name suggests a technology or product-oriented business. It is already licensed for the Skilled Worker route. It has a listed presence in arwick.,"Hi, I noticed Aico Software Limited W is a licensed sponsor. I’m a UK-based applied AI/software engineer with 3+ years in Python, FastAPI, React, and production AI systems. I’d value connecting and learning about relevant engineering openings at Aico Software Limited W."
AIRHUB SYSTEMS LTD,84,['London'],[],['Skilled Worker'],"['ai', 'systems', 'tech']",https://www.linkedin.com/search/results/companies/?keywords=AIRHUB+SYSTEMS+LTD,https://www.linkedin.com/jobs/search/?keywords=AIRHUB+SYSTEMS+LTD+Generative+AI+Engineer+OR+Applied+AI+Engineer+OR+AI+Software+Engineer+OR+Backend+Engineer+OR+Python+Engineer+OR+Full+Stack+Engineer,https://www.linkedin.com/search/results/people/?keywords=AIRHUB+SYSTEMS+LTD+Technical+Recruiter+OR+Engineering+Recruiter+OR+Talent+Acquisition+OR+Internal+Recruiter,https://www.linkedin.com/search/results/people/?keywords=AIRHUB+SYSTEMS+LTD+Engineering+Manager+OR+Head+of+Engineering+OR+Head+of+AI+OR+CTO,The company name suggests a technology or product-oriented business. It is already licensed for the Skilled Worker route. It has a listed presence in London.,"Hi, I noticed AIRHUB SYSTEMS LTD is a licensed sponsor. I’m a UK-based applied AI/software engineer with 3+ years in Python, FastAPI, React, and production AI systems. I’d value connecting and learning about relevant engineering openings at AIRHUB SYSTEMS LTD."
Call Systems Technology Limited,84,['Elstree'],['Hertfordshire'],['Skilled Worker'],"['systems', 'tech', 'technology']",https://www.linkedin.com/search/results/companies/?keywords=Call+Systems+Technology+Limited,https://www.linkedin.com/jobs/search/?keywords=Call+Systems+Technology+Limited+Generative+AI+Engineer+OR+Applied+AI+Engineer+OR+AI+Software+Engineer+OR+Backend+Engineer+OR+Python+Engineer+OR+Full+Stack+Engineer,https://www.linkedin.com/search/results/people/?keywords=Call+Systems+Technology+Limited+Technical+Recruiter+OR+Engineering+Recruiter+OR+Talent+Acquisition+OR+Internal+Recruiter,https://www.linkedin.com/search/results/people/?keywords=Call+Systems+Technology+Limited+Engineering+Manager+OR+Head+of+Engineering+OR+Head+of+AI+OR+CTO,The company name suggests a technology or product-oriented business. It is already licensed for the Skilled Worker route. It has a listed presence in Elstree.,"Hi, I noticed Call Systems Technology Limited is a licensed sponsor. I’m a UK-based applied AI/software engineer with 3+ years in Python, FastAPI, React, and production AI systems. I’d value connecting and learning about relevant engineering openings at Call Systems Technology Limited."
Code 42 Software UK Limited Maidenhe,84,['ad'],['Worker ('],"['Global Business Mobility: Senior or Specialist Worker', 'Skilled Worker']","['ai', 'software', 'tech']",https://www.linkedin.com/search/results/companies/?keywords=Code+42+Software+UK+Limited+Maidenhe,https://www.linkedin.com/jobs/search/?keywords=Code+42+Software+UK+Limited+Maidenhe+Generative+AI+Engineer+OR+Applied+AI+Engineer+OR+AI+Software+Engineer+OR+Backend+Engineer+OR+Python+Engineer+OR+Full+Stack+Engineer,https://www.linkedin.com/search/results/people/?keywords=Code+42+Software+UK+Limited+Maidenhe+Technical+Recruiter+OR+Engineering+Recruiter+OR+Talent+Acquisition+OR+Internal+Recruiter,https://www.linkedin.com/search/results/people/?keywords=Code+42+Software+UK+Limited+Maidenhe+Engineering+Manager+OR+Head+of+Engineering+OR+Head+of+AI+OR+CTO,The company name suggests a technology or product-oriented business. It is already licensed for the Skilled Worker route. It has a listed presence in ad.,"Hi, I noticed Code 42 Software UK Limited Maidenhe is a licensed sponsor. I’m a UK-based applied AI/software engineer with 3+ years in Python, FastAPI, React, and production AI systems. I’d value connecting and learning about relevant engineering openings at Code 42 Software UK Limited Maidenhe."
Fountainhead software ltd B,84,['ristol'],['Worker'],['Skilled Worker'],"['ai', 'software', 'tech']",https://www.linkedin.com/search/results/companies/?keywords=Fountainhead+software+ltd+B,https://www.linkedin.com/jobs/search/?keywords=Fountainhead+software+ltd+B+Generative+AI+Engineer+OR+Applied+AI+Engineer+OR+AI+Software+Engineer+OR+Backend+Engineer+OR+Python+Engineer+OR+Full+Stack+Engineer,https://www.linkedin.com/search/results/people/?keywords=Fountainhead+software+ltd+B+Technical+Recruiter+OR+Engineering+Recruiter+OR+Talent+Acquisition+OR+Internal+Recruiter,https://www.linkedin.com/search/results/people/?keywords=Fountainhead+software+ltd+B+Engineering+Manager+OR+Head+of+Engineering+OR+Head+of+AI+OR+CTO,The company name suggests a technology or product-oriented business. It is already licensed for the Skilled Worker route. It has a listed presence in ristol.,"Hi, I noticed Fountainhead software ltd B is a licensed sponsor. I’m a UK-based applied AI/software engineer with 3+ years in Python, FastAPI, React, and production AI systems. I’d value connecting and learning about relevant engineering openings at Fountainhead software ltd B."
Gate Technology Systems Ltd,84,['Hove'],['Wor'],['Skilled Worker'],"['systems', 'tech', 'technology']",https://www.linkedin.com/search/results/companies/?keywords=Gate+Technology+Systems+Ltd,https://www.linkedin.com/jobs/search/?keywords=Gate+Technology+Systems+Ltd+Generative+AI+Engineer+OR+Applied+AI+Engineer+OR+AI+Software+Engineer+OR+Backend+Engineer+OR+Python+Engineer+OR+Full+Stack+Engineer,https://www.linkedin.com/search/results/people/?keywords=Gate+Technology+Systems+Ltd+Technical+Recruiter+OR+Engineering+Recruiter+OR+Talent+Acquisition+OR+Internal+Recruiter,https://www.linkedin.com/search/results/people/?keywords=Gate+Technology+Systems+Ltd+Engineering+Manager+OR+Head+of+Engineering+OR+Head+of+AI+OR+CTO,The company name suggests a technology or product-oriented business. It is already licensed for the Skilled Worker route. It has a listed presence in Hove.,"Hi, I noticed Gate Technology Systems Ltd is a licensed sponsor. I’m a UK-based applied AI/software engineer with 3+ years in Python, FastAPI, React, and production AI systems. I’d value connecting and learning about relevant engineering openings at Gate Technology Systems Ltd."
Industrial Technology Systems,84,['Middlesbrough'],['Teesside'],['Skilled Worker'],"['systems', 'tech', 'technology']",https://www.linkedin.com/search/results/companies/?keywords=Industrial+Technology+Systems,https://www.linkedin.com/jobs/search/?keywords=Industrial+Technology+Systems+Generative+AI+Engineer+OR+Applied+AI+Engineer+OR+AI+Software+Engineer+OR+Backend+Engineer+OR+Python+Engineer+OR+Full+Stack+Engineer,https://www.linkedin.com/search/results/people/?keywords=Industrial+Technology+Systems+Technical+Recruiter+OR+Engineering+Recruiter+OR+Talent+Acquisition+OR+Internal+Recruiter,https://www.linkedin.com/search/results/people/?keywords=Industrial+Technology+Systems+Engineering+Manager+OR+Head+of+Engineering+OR+Head+of+AI+OR+CTO,The company name suggests a technology or product-oriented business. It is already licensed for the Skilled Worker route. It has a listed presence in Middlesbrough.,"Hi, I noticed Industrial Technology Systems is a licensed sponsor. I’m a UK-based applied AI/software engineer with 3+ years in Python, FastAPI, React, and production AI systems. I’d value connecting and learning about relevant engineering openings at Industrial Technology Systems."
Informatica Software Ltd Maid,84,['enhead Berk'],['s Worker (A r'],"['Skilled Worker', 'bility: Senior or Specialist Worker']","['ai', 'software', 'tech']",https://www.linkedin.com/search/results/companies/?keywords=Informatica+Software+Ltd+Maid,https://www.linkedin.com/jobs/search/?keywords=Informatica+Software+Ltd+Maid+Generative+AI+Engineer+OR+Applied+AI+Engineer+OR+AI+Software+Engineer+OR+Backend+Engineer+OR+Python+Engineer+OR+Full+Stack+Engineer,https://www.linkedin.com/search/results/people/?keywords=Informatica+Software+Ltd+Maid+Technical+Recruiter+OR+Engineering+Recruiter+OR+Talent+Acquisition+OR+Internal+Recruiter,https://www.linkedin.com/search/results/people/?keywords=Informatica+Software+Ltd+Maid+Engineering+Manager+OR+Head+of+Engineering+OR+Head+of+AI+OR+CTO,The company name suggests a technology or product-oriented business. It is already licensed for the Skilled Worker route. It has a listed presence in enhead Berk.,"Hi, I noticed Informatica Software Ltd Maid is a licensed sponsor. I’m a UK-based applied AI/software engineer with 3+ years in Python, FastAPI, React, and production AI systems. I’d value connecting and learning about relevant engineering openings at Informatica Software Ltd Maid."
Kainos Software Ltd,84,['Belfast'],['Antrim Wor'],['Skilled Worker'],"['ai', 'software', 'tech']",https://www.linkedin.com/search/results/companies/?keywords=Kainos+Software+Ltd,https://www.linkedin.com/jobs/search/?keywords=Kainos+Software+Ltd+Generative+AI+Engineer+OR+Applied+AI+Engineer+OR+AI+Software+Engineer+OR+Backend+Engineer+OR+Python+Engineer+OR+Full+Stack+Engineer,https://www.linkedin.com/search/results/people/?keywords=Kainos+Software+Ltd+Technical+Recruiter+OR+Engineering+Recruiter+OR+Talent+Acquisition+OR+Internal+Recruiter,https://www.linkedin.com/search/results/people/?keywords=Kainos+Software+Ltd+Engineering+Manager+OR+Head+of+Engineering+OR+Head+of+AI+OR+CTO,The company name suggests a technology or product-oriented business. It is already licensed for the Skilled Worker route. It has a listed presence in Belfast.,"Hi, I noticed Kainos Software Ltd is a licensed sponsor. I’m a UK-based applied AI/software engineer with 3+ years in Python, FastAPI, React, and production AI systems. I’d value connecting and learning about relevant engineering openings at Kainos Software Ltd."
Magnetic Systems Technology Limited,84,['Rotherham'],['Worker'],['Skilled Worker'],"['systems', 'tech', 'technology']",https://www.linkedin.com/search/results/companies/?keywords=Magnetic+Systems+Technology+Limited,https://www.linkedin.com/jobs/search/?keywords=Magnetic+Systems+Technology+Limited+Generative+AI+Engineer+OR+Applied+AI+Engineer+OR+AI+Software+Engineer+OR+Backend+Engineer+OR+Python+Engineer+OR+Full+Stack+Engineer,https://www.linkedin.com/search/results/people/?keywords=Magnetic+Systems+Technology+Limited+Technical+Recruiter+OR+Engineering+Recruiter+OR+Talent+Acquisition+OR+Internal+Recruiter,https://www.linkedin.com/search/results/people/?keywords=Magnetic+Systems+Technology+Limited+Engineering+Manager+OR+Head+of+Engineering+OR+Head+of+AI+OR+CTO,The company name suggests a technology or product-oriented business. It is already licensed for the Skilled Worker route. It has a listed presence in Rotherham.,"Hi, I noticed Magnetic Systems Technology Limited is a licensed sponsor. I’m a UK-based applied AI/software engineer with 3+ years in Python, FastAPI, React, and production AI systems. I’d value connecting and learning about relevant engineering openings at Magnetic Systems Technology Limited."
Marine Systems Technology Ltd,84,['Winsford'],['Cheshire Wo'],"['Skilled Worker', 'lobal Business Mobility: Senior or Specialist Worker']","['systems', 'tech', 'technology']",https://www.linkedin.com/search/results/companies/?keywords=Marine+Systems+Technology+Ltd,https://www.linkedin.com/jobs/search/?keywords=Marine+Systems+Technology+Ltd+Generative+AI+Engineer+OR+Applied+AI+Engineer+OR+AI+Software+Engineer+OR+Backend+Engineer+OR+Python+Engineer+OR+Full+Stack+Engineer,https://www.linkedin.com/search/results/people/?keywords=Marine+Systems+Technology+Ltd+Technical+Recruiter+OR+Engineering+Recruiter+OR+Talent+Acquisition+OR+Internal+Recruiter,https://www.linkedin.com/search/results/people/?keywords=Marine+Systems+Technology+Ltd+Engineering+Manager+OR+Head+of+Engineering+OR+Head+of+AI+OR+CTO,The company name suggests a technology or product-oriented business. It is already licensed for the Skilled Worker route. It has a listed presence in Winsford.,"Hi, I noticed Marine Systems Technology Ltd is a licensed sponsor. I’m a UK-based applied AI/software engineer with 3+ years in Python, FastAPI, React, and production AI systems. I’d value connecting and learning about relevant engineering openings at Marine Systems Technology Ltd."
Matfron Automation Technology Limited London,84,[],['Worker (A ratin'],"['Skilled Worker', 'UK Expansion Worker']","['tech', 'technology']",https://www.linkedin.com/search/results/companies/?keywords=Matfron+Automation+Technology+Limited+London,https://www.linkedin.com/jobs/search/?keywords=Matfron+Automation+Technology+Limited+London+Generative+AI+Engineer+OR+Applied+AI+Engineer+OR+AI+Software+Engineer+OR+Backend+Engineer+OR+Python+Engineer+OR+Full+Stack+Engineer,https://www.linkedin.com/search/results/people/?keywords=Matfron+Automation+Technology+Limited+London+Technical+Recruiter+OR+Engineering+Recruiter+OR+Talent+Acquisition+OR+Internal+Recruiter,https://www.linkedin.com/search/results/people/?keywords=Matfron+Automation+Technology+Limited+London+Engineering+Manager+OR+Head+of+Engineering+OR+Head+of+AI+OR+CTO,The company name suggests a technology or product-oriented business. It is already licensed for the Skilled Worker route.,"Hi, I noticed Matfron Automation Technology Limited London is a licensed sponsor. I’m a UK-based applied AI/software engineer with 3+ years in Python, FastAPI, React, and production AI systems. I’d value connecting and learning about relevant engineering openings at Matfron Automation Technology Lim"
Playtech Software Limited,84,['London'],[],['Skilled Worker'],"['software', 'tech']",https://www.linkedin.com/search/results/companies/?keywords=Playtech+Software+Limited,https://www.linkedin.com/jobs/search/?keywords=Playtech+Software+Limited+Generative+AI+Engineer+OR+Applied+AI+Engineer+OR+AI+Software+Engineer+OR+Backend+Engineer+OR+Python+Engineer+OR+Full+Stack+Engineer,https://www.linkedin.com/search/results/people/?keywords=Playtech+Software+Limited+Technical+Recruiter+OR+Engineering+Recruiter+OR+Talent+Acquisition+OR+Internal+Recruiter,https://www.linkedin.com/search/results/people/?keywords=Playtech+Software+Limited+Engineering+Manager+OR+Head+of+Engineering+OR+Head+of+AI+OR+CTO,The company name suggests a technology or product-oriented business. It is already licensed for the Skilled Worker route. It has a listed presence in London.,"Hi, I noticed Playtech Software Limited is a licensed sponsor. I’m a UK-based applied AI/software engineer with 3+ years in Python, FastAPI, React, and production AI systems. I’d value connecting and learning about relevant engineering openings at Playtech Software Limited."
Polymer Systems Technology Ltd HIGH,84,['WYCOMBE Bucking'],['hamshire Work'],['Skilled Worker'],"['systems', 'tech', 'technology']",https://www.linkedin.com/search/results/companies/?keywords=Polymer+Systems+Technology+Ltd+HIGH,https://www.linkedin.com/jobs/search/?keywords=Polymer+Systems+Technology+Ltd+HIGH+Generative+AI+Engineer+OR+Applied+AI+Engineer+OR+AI+Software+Engineer+OR+Backend+Engineer+OR+Python+Engineer+OR+Full+Stack+Engineer,https://www.linkedin.com/search/results/people/?keywords=Polymer+Systems+Technology+Ltd+HIGH+Technical+Recruiter+OR+Engineering+Recruiter+OR+Talent+Acquisition+OR+Internal+Recruiter,https://www.linkedin.com/search/results/people/?keywords=Polymer+Systems+Technology+Ltd+HIGH+Engineering+Manager+OR+Head+of+Engineering+OR+Head+of+AI+OR+CTO,The company name suggests a technology or product-oriented business. It is already licensed for the Skilled Worker route. It has a listed presence in WYCOMBE Bucking.,"Hi, I noticed Polymer Systems Technology Ltd HIGH is a licensed sponsor. I’m a UK-based applied AI/software engineer with 3+ years in Python, FastAPI, React, and production AI systems. I’d value connecting and learning about relevant engineering openings at Polymer Systems Technology Ltd HIGH."
PSK Metonym Systems Ltd Rainham,84,['London'],['Worker (A rating)'],['Skilled Worker'],"['ai', 'systems', 'tech']",https://www.linkedin.com/search/results/companies/?keywords=PSK+Metonym+Systems+Ltd+Rainham,https://www.linkedin.com/jobs/search/?keywords=PSK+Metonym+Systems+Ltd+Rainham+Generative+AI+Engineer+OR+Applied+AI+Engineer+OR+AI+Software+Engineer+OR+Backend+Engineer+OR+Python+Engineer+OR+Full+Stack+Engineer,https://www.linkedin.com/search/results/people/?keywords=PSK+Metonym+Systems+Ltd+Rainham+Technical+Recruiter+OR+Engineering+Recruiter+OR+Talent+Acquisition+OR+Internal+Recruiter,https://www.linkedin.com/search/results/people/?keywords=PSK+Metonym+Systems+Ltd+Rainham+Engineering+Manager+OR+Head+of+Engineering+OR+Head+of+AI+OR+CTO,The company name suggests a technology or product-oriented business. It is already licensed for the Skilled Worker route. It has a listed presence in London.,"Hi, I noticed PSK Metonym Systems Ltd Rainham is a licensed sponsor. I’m a UK-based applied AI/software engineer with 3+ years in Python, FastAPI, React, and production AI systems. I’d value connecting and learning about relevant engineering openings at PSK Metonym Systems Ltd Rainham."
CLOUD RETAIL LTD,83,['London'],['Worker'],['Skilled Worker'],"['ai', 'cloud', 'tech']",https://www.linkedin.com/search/results/companies/?keywords=CLOUD+RETAIL+LTD,https://www.linkedin.com/jobs/search/?keywords=CLOUD+RETAIL+LTD+Generative+AI+Engineer+OR+Applied+AI+Engineer+OR+AI+Software+Engineer+OR+Backend+Engineer+OR+Python+Engineer+OR+Full+Stack+Engineer,https://www.linkedin.com/search/results/people/?keywords=CLOUD+RETAIL+LTD+Technical+Recruiter+OR+Engineering+Recruiter+OR+Talent+Acquisition+OR+Internal+Recruiter,https://www.linkedin.com/search/results/people/?keywords=CLOUD+RETAIL+LTD+Engineering+Manager+OR+Head+of+Engineering+OR+Head+of+AI+OR+CTO,The company name suggests a technology or product-oriented business. It is already licensed for the Skilled Worker route. It has a listed presence in London.,"Hi, I noticed CLOUD RETAIL LTD is a licensed sponsor. I’m a UK-based applied AI/software engineer with 3+ years in Python, FastAPI, React, and production AI systems. I’d value connecting and learning about relevant engineering openings at CLOUD RETAIL LTD."
Methods Business and Digital Technology London,83,['Greater Lo'],['ndon Worker (A ratin'],['Skilled Worker'],"['digital', 'tech', 'technology']",https://www.linkedin.com/search/results/companies/?keywords=Methods+Business+and+Digital+Technology+London,https://www.linkedin.com/jobs/search/?keywords=Methods+Business+and+Digital+Technology+London+Generative+AI+Engineer+OR+Applied+AI+Engineer+OR+AI+Software+Engineer+OR+Backend+Engineer+OR+Python+Engineer+OR+Full+Stack+Engineer,https://www.linkedin.com/search/results/people/?keywords=Methods+Business+and+Digital+Technology+London+Technical+Recruiter+OR+Engineering+Recruiter+OR+Talent+Acquisition+OR+Internal+Recruiter,https://www.linkedin.com/search/results/people/?keywords=Methods+Business+and+Digital+Technology+London+Engineering+Manager+OR+Head+of+Engineering+OR+Head+of+AI+OR+CTO,The company name suggests a technology or product-oriented business. It is already licensed for the Skilled Worker route. It has a listed presence in Greater Lo.,"Hi, I noticed Methods Business and Digital Technology London is a licensed sponsor. I’m a UK-based applied AI/software engineer with 3+ years in Python, FastAPI, React, and production AI systems. I’d value connecting and learning about relevant engineering openings at Methods Business and Digital Te"
Smartech Retail Group Limited,83,['London'],[],"['Skilled Worker', 'lobal Business Mobility: Senior or Specialist Worker']","['ai', 'tech']",https://www.linkedin.com/search/results/companies/?keywords=Smartech+Retail+Group+Limited,https://www.linkedin.com/jobs/search/?keywords=Smartech+Retail+Group+Limited+Generative+AI+Engineer+OR+Applied+AI+Engineer+OR+AI+Software+Engineer+OR+Backend+Engineer+OR+Python+Engineer+OR+Full+Stack+Engineer,https://www.linkedin.com/search/results/people/?keywords=Smartech+Retail+Group+Limited+Technical+Recruiter+OR+Engineering+Recruiter+OR+Talent+Acquisition+OR+Internal+Recruiter,https://www.linkedin.com/search/results/people/?keywords=Smartech+Retail+Group+Limited+Engineering+Manager+OR+Head+of+Engineering+OR+Head+of+AI+OR+CTO,The company name suggests a technology or product-oriented business. It is already licensed for the Skilled Worker route. It has a listed presence in London.,"Hi, I noticed Smartech Retail Group Limited is a licensed sponsor. I’m a UK-based applied AI/software engineer with 3+ years in Python, FastAPI, React, and production AI systems. I’d value connecting and learning about relevant engineering openings at Smartech Retail Group Limited."
Spine Technologies (Retail) Limited,83,['London'],['Work'],['Skilled Worker'],"['ai', 'tech']",https://www.linkedin.com/search/results/companies/?keywords=Spine+Technologies+%28Retail%29+Limited,https://www.linkedin.com/jobs/search/?keywords=Spine+Technologies+%28Retail%29+Limited+Generative+AI+Engineer+OR+Applied+AI+Engineer+OR+AI+Software+Engineer+OR+Backend+Engineer+OR+Python+Engineer+OR+Full+Stack+Engineer,https://www.linkedin.com/search/results/people/?keywords=Spine+Technologies+%28Retail%29+Limited+Technical+Recruiter+OR+Engineering+Recruiter+OR+Talent+Acquisition+OR+Internal+Recruiter,https://www.linkedin.com/search/results/people/?keywords=Spine+Technologies+%28Retail%29+Limited+Engineering+Manager+OR+Head+of+Engineering+OR+Head+of+AI+OR+CTO,The company name suggests a technology or product-oriented business. It is already licensed for the Skilled Worker route. It has a listed presence in London.,"Hi, I noticed Spine Technologies (Retail) Limited is a licensed sponsor. I’m a UK-based applied AI/software engineer with 3+ years in Python, FastAPI, React, and production AI systems. I’d value connecting and learning about relevant engineering openings at Spine Technologies (Retail) Limited."
The Digital Fairy Ltd,83,['London'],[],['Skilled Worker'],"['ai', 'digital', 'tech']",https://www.linkedin.com/search/results/companies/?keywords=The+Digital+Fairy+Ltd,https://www.linkedin.com/jobs/search/?keywords=The+Digital+Fairy+Ltd+Generative+AI+Engineer+OR+Applied+AI+Engineer+OR+AI+Software+Engineer+OR+Backend+Engineer+OR+Python+Engineer+OR+Full+Stack+Engineer,https://www.linkedin.com/search/results/people/?keywords=The+Digital+Fairy+Ltd+Technical+Recruiter+OR+Engineering+Recruiter+OR+Talent+Acquisition+OR+Internal+Recruiter,https://www.linkedin.com/search/results/people/?keywords=The+Digital+Fairy+Ltd+Engineering+Manager+OR+Head+of+Engineering+OR+Head+of+AI+OR+CTO,The company name suggests a technology or product-oriented business. It is already licensed for the Skilled Worker route. It has a listed presence in London.,"Hi, I noticed The Digital Fairy Ltd is a licensed sponsor. I’m a UK-based applied AI/software engineer with 3+ years in Python, FastAPI, React, and production AI systems. I’d value connecting and learning about relevant engineering openings at The Digital Fairy Ltd."
Vighnaharta Technology Solutions Ltd,83,['Edinburgh'],[],['Skilled Worker'],"['services', 'tech', 'technology']",https://www.linkedin.com/search/results/companies/?keywords=Vighnaharta+Technology+Solutions+Ltd,https://www.linkedin.com/jobs/search/?keywords=Vighnaharta+Technology+Solutions+Ltd+Generative+AI+Engineer+OR+Applied+AI+Engineer+OR+AI+Software+Engineer+OR+Backend+Engineer+OR+Python+Engineer+OR+Full+Stack+Engineer,https://www.linkedin.com/search/results/people/?keywords=Vighnaharta+Technology+Solutions+Ltd+Technical+Recruiter+OR+Engineering+Recruiter+OR+Talent+Acquisition+OR+Internal+Recruiter,https://www.linkedin.com/search/results/people/?keywords=Vighnaharta+Technology+Solutions+Ltd+Engineering+Manager+OR+Head+of+Engineering+OR+Head+of+AI+OR+CTO,The company name suggests a technology or product-oriented business. It is already licensed for the Skilled Worker route. It has a listed presence in Edinburgh.,"Hi, I noticed Vighnaharta Technology Solutions Ltd is a licensed sponsor. I’m a UK-based applied AI/software engineer with 3+ years in Python, FastAPI, React, and production AI systems. I’d value connecting and learning about relevant engineering openings at Vighnaharta Technology Solutions Ltd."
10X Banking Technology Services Ltd,82,['London'],[],['Skilled Worker'],"['finance', 'services', 'tech', 'technology']",https://www.linkedin.com/search/results/companies/?keywords=10X+Banking+Technology+Services+Ltd,https://www.linkedin.com/jobs/search/?keywords=10X+Banking+Technology+Services+Ltd+Generative+AI+Engineer+OR+Applied+AI+Engineer+OR+AI+Software+Engineer+OR+Backend+Engineer+OR+Python+Engineer+OR+Full+Stack+Engineer,https://www.linkedin.com/search/results/people/?keywords=10X+Banking+Technology+Services+Ltd+Technical+Recruiter+OR+Engineering+Recruiter+OR+Talent+Acquisition+OR+Internal+Recruiter,https://www.linkedin.com/search/results/people/?keywords=10X+Banking+Technology+Services+Ltd+Engineering+Manager+OR+Head+of+Engineering+OR+Head+of+AI+OR+CTO,The company name suggests a technology or product-oriented business. It is already licensed for the Skilled Worker route. It has a listed presence in London.,"Hi, I noticed 10X Banking Technology Services Ltd is a licensed sponsor. I’m a UK-based applied AI/software engineer with 3+ years in Python, FastAPI, React, and production AI systems. I’d value connecting and learning about relevant engineering openings at 10X Banking Technology Services Ltd."
Advanced Technology Services UK Limited,82,['London'],[],['Skilled Worker'],"['services', 'tech', 'technology']",https://www.linkedin.com/search/results/companies/?keywords=Advanced+Technology+Services+UK+Limited,https://www.linkedin.com/jobs/search/?keywords=Advanced+Technology+Services+UK+Limited+Generative+AI+Engineer+OR+Applied+AI+Engineer+OR+AI+Software+Engineer+OR+Backend+Engineer+OR+Python+Engineer+OR+Full+Stack+Engineer,https://www.linkedin.com/search/results/people/?keywords=Advanced+Technology+Services+UK+Limited+Technical+Recruiter+OR+Engineering+Recruiter+OR+Talent+Acquisition+OR+Internal+Recruiter,https://www.linkedin.com/search/results/people/?keywords=Advanced+Technology+Services+UK+Limited+Engineering+Manager+OR+Head+of+Engineering+OR+Head+of+AI+OR+CTO,The company name suggests a technology or product-oriented business. It is already licensed for the Skilled Worker route. It has a listed presence in London.,"Hi, I noticed Advanced Technology Services UK Limited is a licensed sponsor. I’m a UK-based applied AI/software engineer with 3+ years in Python, FastAPI, React, and production AI systems. I’d value connecting and learning about relevant engineering openings at Advanced Technology Services UK Limite"
BIG DATA SCIENCE & TECHNOLOGY LIMITED,82,['Feltham'],['England Work'],['ker'],"['data', 'tech', 'technology']",https://www.linkedin.com/search/results/companies/?keywords=BIG+DATA+SCIENCE+%26+TECHNOLOGY+LIMITED,https://www.linkedin.com/jobs/search/?keywords=BIG+DATA+SCIENCE+%26+TECHNOLOGY+LIMITED+Generative+AI+Engineer+OR+Applied+AI+Engineer+OR+AI+Software+Engineer+OR+Backend+Engineer+OR+Python+Engineer+OR+Full+Stack+Engineer,https://www.linkedin.com/search/results/people/?keywords=BIG+DATA+SCIENCE+%26+TECHNOLOGY+LIMITED+Technical+Recruiter+OR+Engineering+Recruiter+OR+Talent+Acquisition+OR+Internal+Recruiter,https://www.linkedin.com/search/results/people/?keywords=BIG+DATA+SCIENCE+%26+TECHNOLOGY+LIMITED+Engineering+Manager+OR+Head+of+Engineering+OR+Head+of+AI+OR+CTO,The company name suggests a technology or product-oriented business. It has a listed presence in Feltham.,"Hi, I noticed BIG DATA SCIENCE & TECHNOLOGY LIMITED is a licensed sponsor. I’m a UK-based applied AI/software engineer with 3+ years in Python, FastAPI, React, and production AI systems. I’d value connecting and learning about relevant engineering openings at BIG DATA SCIENCE & TECHNOLOGY LIMITED."
Brain Analytics,82,['London'],[],['Skilled Worker'],"['ai', 'tech']",https://www.linkedin.com/search/results/companies/?keywords=Brain+Analytics,https://www.linkedin.com/jobs/search/?keywords=Brain+Analytics+Generative+AI+Engineer+OR+Applied+AI+Engineer+OR+AI+Software+Engineer+OR+Backend+Engineer+OR+Python+Engineer+OR+Full+Stack+Engineer,https://www.linkedin.com/search/results/people/?keywords=Brain+Analytics+Technical+Recruiter+OR+Engineering+Recruiter+OR+Talent+Acquisition+OR+Internal+Recruiter,https://www.linkedin.com/search/results/people/?keywords=Brain+Analytics+Engineering+Manager+OR+Head+of+Engineering+OR+Head+of+AI+OR+CTO,The company name suggests a technology or product-oriented business. It is already licensed for the Skilled Worker route. It has a listed presence in London.,"Hi, I noticed Brain Analytics is a licensed sponsor. I’m a UK-based applied AI/software engineer with 3+ years in Python, FastAPI, React, and production AI systems. I’d value connecting and learning about relevant engineering openings at Brain Analytics."
Colt Technology Services Group Limited,82,['London'],['Wor'],"['Skilled Worker', 'obal Business Mobility: Senior or Specialist Worker']","['services', 'tech', 'technology']",https://www.linkedin.com/search/results/companies/?keywords=Colt+Technology+Services+Group+Limited,https://www.linkedin.com/jobs/search/?keywords=Colt+Technology+Services+Group+Limited+Generative+AI+Engineer+OR+Applied+AI+Engineer+OR+AI+Software+Engineer+OR+Backend+Engineer+OR+Python+Engineer+OR+Full+Stack+Engineer,https://www.linkedin.com/search/results/people/?keywords=Colt+Technology+Services+Group+Limited+Technical+Recruiter+OR+Engineering+Recruiter+OR+Talent+Acquisition+OR+Internal+Recruiter,https://www.linkedin.com/search/results/people/?keywords=Colt+Technology+Services+Group+Limited+Engineering+Manager+OR+Head+of+Engineering+OR+Head+of+AI+OR+CTO,The company name suggests a technology or product-oriented business. It is already licensed for the Skilled Worker route. It has a listed presence in London.,"Hi, I noticed Colt Technology Services Group Limited is a licensed sponsor. I’m a UK-based applied AI/software engineer with 3+ years in Python, FastAPI, React, and production AI systems. I’d value connecting and learning about relevant engineering openings at Colt Technology Services Group Limited."
Future Intelligence Technology Solutions Limited,82,['Reading'],['Berkshire Wo'],['Skilled Worker'],"['services', 'tech', 'technology']",https://www.linkedin.com/search/results/companies/?keywords=Future+Intelligence+Technology+Solutions+Limited,https://www.linkedin.com/jobs/search/?keywords=Future+Intelligence+Technology+Solutions+Limited+Generative+AI+Engineer+OR+Applied+AI+Engineer+OR+AI+Software+Engineer+OR+Backend+Engineer+OR+Python+Engineer+OR+Full+Stack+Engineer,https://www.linkedin.com/search/results/people/?keywords=Future+Intelligence+Technology+Solutions+Limited+Technical+Recruiter+OR+Engineering+Recruiter+OR+Talent+Acquisition+OR+Internal+Recruiter,https://www.linkedin.com/search/results/people/?keywords=Future+Intelligence+Technology+Solutions+Limited+Engineering+Manager+OR+Head+of+Engineering+OR+Head+of+AI+OR+CTO,The company name suggests a technology or product-oriented business. It is already licensed for the Skilled Worker route. It has a listed presence in Reading.,"Hi, I noticed Future Intelligence Technology Solutions Limited is a licensed sponsor. I’m a UK-based applied AI/software engineer with 3+ years in Python, FastAPI, React, and production AI systems. I’d value connecting and learning about relevant engineering openings at Future Intelligence Technolog"
Gen AI ML Ltd,82,['London'],['Worker'],['Skilled Worker'],"['ai', 'tech']",https://www.linkedin.com/search/results/companies/?keywords=Gen+AI+ML+Ltd,https://www.linkedin.com/jobs/search/?keywords=Gen+AI+ML+Ltd+Generative+AI+Engineer+OR+Applied+AI+Engineer+OR+AI+Software+Engineer+OR+Backend+Engineer+OR+Python+Engineer+OR+Full+Stack+Engineer,https://www.linkedin.com/search/results/people/?keywords=Gen+AI+ML+Ltd+Technical+Recruiter+OR+Engineering+Recruiter+OR+Talent+Acquisition+OR+Internal+Recruiter,https://www.linkedin.com/search/results/people/?keywords=Gen+AI+ML+Ltd+Engineering+Manager+OR+Head+of+Engineering+OR+Head+of+AI+OR+CTO,The company name suggests a technology or product-oriented business. It is already licensed for the Skilled Worker route. It has a listed presence in London.,"Hi, I noticed Gen AI ML Ltd is a licensed sponsor. I’m a UK-based applied AI/software engineer with 3+ years in Python, FastAPI, React, and production AI systems. I’d value connecting and learning about relevant engineering openings at Gen AI ML Ltd."
JAI TECHNOLOGIES LTD,82,['READING'],['BERKSHIRE'],['Skilled Worker'],"['ai', 'tech']",https://www.linkedin.com/search/results/companies/?keywords=JAI+TECHNOLOGIES+LTD,https://www.linkedin.com/jobs/search/?keywords=JAI+TECHNOLOGIES+LTD+Generative+AI+Engineer+OR+Applied+AI+Engineer+OR+AI+Software+Engineer+OR+Backend+Engineer+OR+Python+Engineer+OR+Full+Stack+Engineer,https://www.linkedin.com/search/results/people/?keywords=JAI+TECHNOLOGIES+LTD+Technical+Recruiter+OR+Engineering+Recruiter+OR+Talent+Acquisition+OR+Internal+Recruiter,https://www.linkedin.com/search/results/people/?keywords=JAI+TECHNOLOGIES+LTD+Engineering+Manager+OR+Head+of+Engineering+OR+Head+of+AI+OR+CTO,The company name suggests a technology or product-oriented business. It is already licensed for the Skilled Worker route. It has a listed presence in READING.,"Hi, I noticed JAI TECHNOLOGIES LTD is a licensed sponsor. I’m a UK-based applied AI/software engineer with 3+ years in Python, FastAPI, React, and production AI systems. I’d value connecting and learning about relevant engineering openings at JAI TECHNOLOGIES LTD."
Jhaidev Engineering Ltd,82,['Hockley'],['Birmingham'],['Skilled Worker'],"['ai', 'tech']",https://www.linkedin.com/search/results/companies/?keywords=Jhaidev+Engineering+Ltd,https://www.linkedin.com/jobs/search/?keywords=Jhaidev+Engineering+Ltd+Generative+AI+Engineer+OR+Applied+AI+Engineer+OR+AI+Software+Engineer+OR+Backend+Engineer+OR+Python+Engineer+OR+Full+Stack+Engineer,https://www.linkedin.com/search/results/people/?keywords=Jhaidev+Engineering+Ltd+Technical+Recruiter+OR+Engineering+Recruiter+OR+Talent+Acquisition+OR+Internal+Recruiter,https://www.linkedin.com/search/results/people/?keywords=Jhaidev+Engineering+Ltd+Engineering+Manager+OR+Head+of+Engineering+OR+Head+of+AI+OR+CTO,The company name suggests a technology or product-oriented business. It is already licensed for the Skilled Worker route. It has a listed presence in Hockley.,"Hi, I noticed Jhaidev Engineering Ltd is a licensed sponsor. I’m a UK-based applied AI/software engineer with 3+ years in Python, FastAPI, React, and production AI systems. I’d value connecting and learning about relevant engineering openings at Jhaidev Engineering Ltd."
LTI TECHNOLOGY SOLUTIONS LIMITED,82,['Reading'],['Berkshire Worker'],"['Skilled Worker', 's Mobility: Senior or Specialist Worker']","['services', 'tech', 'technology']",https://www.linkedin.com/search/results/companies/?keywords=LTI+TECHNOLOGY+SOLUTIONS+LIMITED,https://www.linkedin.com/jobs/search/?keywords=LTI+TECHNOLOGY+SOLUTIONS+LIMITED+Generative+AI+Engineer+OR+Applied+AI+Engineer+OR+AI+Software+Engineer+OR+Backend+Engineer+OR+Python+Engineer+OR+Full+Stack+Engineer,https://www.linkedin.com/search/results/people/?keywords=LTI+TECHNOLOGY+SOLUTIONS+LIMITED+Technical+Recruiter+OR+Engineering+Recruiter+OR+Talent+Acquisition+OR+Internal+Recruiter,https://www.linkedin.com/search/results/people/?keywords=LTI+TECHNOLOGY+SOLUTIONS+LIMITED+Engineering+Manager+OR+Head+of+Engineering+OR+Head+of+AI+OR+CTO,The company name suggests a technology or product-oriented business. It is already licensed for the Skilled Worker route. It has a listed presence in Reading.,"Hi, I noticed LTI TECHNOLOGY SOLUTIONS LIMITED is a licensed sponsor. I’m a UK-based applied AI/software engineer with 3+ years in Python, FastAPI, React, and production AI systems. I’d value connecting and learning about relevant engineering openings at LTI TECHNOLOGY SOLUTIONS LIMITED."
QUALIENT TECHNOLOGY SOLUTIONS UK LIMITED,82,['READING'],['BERKSHIRE Wo'],['Skilled Worker'],"['services', 'tech', 'technology']",https://www.linkedin.com/search/results/companies/?keywords=QUALIENT+TECHNOLOGY+SOLUTIONS+UK+LIMITED,https://www.linkedin.com/jobs/search/?keywords=QUALIENT+TECHNOLOGY+SOLUTIONS+UK+LIMITED+Generative+AI+Engineer+OR+Applied+AI+Engineer+OR+AI+Software+Engineer+OR+Backend+Engineer+OR+Python+Engineer+OR+Full+Stack+Engineer,https://www.linkedin.com/search/results/people/?keywords=QUALIENT+TECHNOLOGY+SOLUTIONS+UK+LIMITED+Technical+Recruiter+OR+Engineering+Recruiter+OR+Talent+Acquisition+OR+Internal+Recruiter,https://www.linkedin.com/search/results/people/?keywords=QUALIENT+TECHNOLOGY+SOLUTIONS+UK+LIMITED+Engineering+Manager+OR+Head+of+Engineering+OR+Head+of+AI+OR+CTO,The company name suggests a technology or product-oriented business. It is already licensed for the Skilled Worker route. It has a listed presence in READING.,"Hi, I noticed QUALIENT TECHNOLOGY SOLUTIONS UK LIMITED is a licensed sponsor. I’m a UK-based applied AI/software engineer with 3+ years in Python, FastAPI, React, and production AI systems. I’d value connecting and learning about relevant engineering openings at QUALIENT TECHNOLOGY SOLUTIONS UK LIMI"
TAICHI TECH LTD,82,['Reading'],['Work'],['Skilled Worker'],"['ai', 'tech']",https://www.linkedin.com/search/results/companies/?keywords=TAICHI+TECH+LTD,https://www.linkedin.com/jobs/search/?keywords=TAICHI+TECH+LTD+Generative+AI+Engineer+OR+Applied+AI+Engineer+OR+AI+Software+Engineer+OR+Backend+Engineer+OR+Python+Engineer+OR+Full+Stack+Engineer,https://www.linkedin.com/search/results/people/?keywords=TAICHI+TECH+LTD+Technical+Recruiter+OR+Engineering+Recruiter+OR+Talent+Acquisition+OR+Internal+Recruiter,https://www.linkedin.com/search/results/people/?keywords=TAICHI+TECH+LTD+Engineering+Manager+OR+Head+of+Engineering+OR+Head+of+AI+OR+CTO,The company name suggests a technology or product-oriented business. It is already licensed for the Skilled Worker route. It has a listed presence in Reading.,"Hi, I noticed TAICHI TECH LTD is a licensed sponsor. I’m a UK-based applied AI/software engineer with 3+ years in Python, FastAPI, React, and production AI systems. I’d value connecting and learning about relevant engineering openings at TAICHI TECH LTD."
Aios Technology Ltd Nottin,80,['gham Nott'],['inghamshire Worker (A'],['orker'],"['ai', 'tech', 'technology']",https://www.linkedin.com/search/results/companies/?keywords=Aios+Technology+Ltd+Nottin,https://www.linkedin.com/jobs/search/?keywords=Aios+Technology+Ltd+Nottin+Generative+AI+Engineer+OR+Applied+AI+Engineer+OR+AI+Software+Engineer+OR+Backend+Engineer+OR+Python+Engineer+OR+Full+Stack+Engineer,https://www.linkedin.com/search/results/people/?keywords=Aios+Technology+Ltd+Nottin+Technical+Recruiter+OR+Engineering+Recruiter+OR+Talent+Acquisition+OR+Internal+Recruiter,https://www.linkedin.com/search/results/people/?keywords=Aios+Technology+Ltd+Nottin+Engineering+Manager+OR+Head+of+Engineering+OR+Head+of+AI+OR+CTO,The company name suggests a technology or product-oriented business. It has a listed presence in gham Nott.,"Hi, I noticed Aios Technology Ltd Nottin is a licensed sponsor. I’m a UK-based applied AI/software engineer with 3+ years in Python, FastAPI, React, and production AI systems. I’d value connecting and learning about relevant engineering openings at Aios Technology Ltd Nottin."
Aire Labs Ltd.,80,['London'],['London'],['Skilled Worker'],"['ai', 'tech']",https://www.linkedin.com/search/results/companies/?keywords=Aire+Labs+Ltd.,https://www.linkedin.com/jobs/search/?keywords=Aire+Labs+Ltd.+Generative+AI+Engineer+OR+Applied+AI+Engineer+OR+AI+Software+Engineer+OR+Backend+Engineer+OR+Python+Engineer+OR+Full+Stack+Engineer,https://www.linkedin.com/search/results/people/?keywords=Aire+Labs+Ltd.+Technical+Recruiter+OR+Engineering+Recruiter+OR+Talent+Acquisition+OR+Internal+Recruiter,https://www.linkedin.com/search/results/people/?keywords=Aire+Labs+Ltd.+Engineering+Manager+OR+Head+of+Engineering+OR+Head+of+AI+OR+CTO,The company name suggests a technology or product-oriented business. It is already licensed for the Skilled Worker route. It has a listed presence in London.,"Hi, I noticed Aire Labs Ltd. is a licensed sponsor. I’m a UK-based applied AI/software engineer with 3+ years in Python, FastAPI, React, and production AI systems. I’d value connecting and learning about relevant engineering openings at Aire Labs Ltd.."
AIRSYS COMMUNICATIONS TECHNOLOGY LIMITED Romsey,80,['Hamps'],['hire Worker (A r'],"['iness Mobility: Senior or Specialist Worker', 'rker']","['ai', 'tech', 'technology']",https://www.linkedin.com/search/results/companies/?keywords=AIRSYS+COMMUNICATIONS+TECHNOLOGY+LIMITED+Romsey,https://www.linkedin.com/jobs/search/?keywords=AIRSYS+COMMUNICATIONS+TECHNOLOGY+LIMITED+Romsey+Generative+AI+Engineer+OR+Applied+AI+Engineer+OR+AI+Software+Engineer+OR+Backend+Engineer+OR+Python+Engineer+OR+Full+Stack+Engineer,https://www.linkedin.com/search/results/people/?keywords=AIRSYS+COMMUNICATIONS+TECHNOLOGY+LIMITED+Romsey+Technical+Recruiter+OR+Engineering+Recruiter+OR+Talent+Acquisition+OR+Internal+Recruiter,https://www.linkedin.com/search/results/people/?keywords=AIRSYS+COMMUNICATIONS+TECHNOLOGY+LIMITED+Romsey+Engineering+Manager+OR+Head+of+Engineering+OR+Head+of+AI+OR+CTO,The company name suggests a technology or product-oriented business. It has a listed presence in Hamps.,"Hi, I noticed AIRSYS COMMUNICATIONS TECHNOLOGY LIMITED Romsey is a licensed sponsor. I’m a UK-based applied AI/software engineer with 3+ years in Python, FastAPI, React, and production AI systems. I’d value connecting and learning about relevant engineering openings at AIRSYS COMMUNICATIONS TECHNOLO"
Applied Technology Developments Ltd,80,['Leicester'],['Leicestershire Worker'],['Skilled Worker'],"['tech', 'technology']",https://www.linkedin.com/search/results/companies/?keywords=Applied+Technology+Developments+Ltd,https://www.linkedin.com/jobs/search/?keywords=Applied+Technology+Developments+Ltd+Generative+AI+Engineer+OR+Applied+AI+Engineer+OR+AI+Software+Engineer+OR+Backend+Engineer+OR+Python+Engineer+OR+Full+Stack+Engineer,https://www.linkedin.com/search/results/people/?keywords=Applied+Technology+Developments+Ltd+Technical+Recruiter+OR+Engineering+Recruiter+OR+Talent+Acquisition+OR+Internal+Recruiter,https://www.linkedin.com/search/results/people/?keywords=Applied+Technology+Developments+Ltd+Engineering+Manager+OR+Head+of+Engineering+OR+Head+of+AI+OR+CTO,The company name suggests a technology or product-oriented business. It is already licensed for the Skilled Worker route. It has a listed presence in Leicester.,"Hi, I noticed Applied Technology Developments Ltd is a licensed sponsor. I’m a UK-based applied AI/software engineer with 3+ years in Python, FastAPI, React, and production AI systems. I’d value connecting and learning about relevant engineering openings at Applied Technology Developments Ltd."
Automatic Data Processing (ADP) Limited Staines,80,['Upon Thames'],['Worker (A ra'],"['Skilled Worker', 'ility: Senior or Specialist Worker']","['ai', 'data', 'tech']",https://www.linkedin.com/search/results/companies/?keywords=Automatic+Data+Processing+%28ADP%29+Limited+Staines,https://www.linkedin.com/jobs/search/?keywords=Automatic+Data+Processing+%28ADP%29+Limited+Staines+Generative+AI+Engineer+OR+Applied+AI+Engineer+OR+AI+Software+Engineer+OR+Backend+Engineer+OR+Python+Engineer+OR+Full+Stack+Engineer,https://www.linkedin.com/search/results/people/?keywords=Automatic+Data+Processing+%28ADP%29+Limited+Staines+Technical+Recruiter+OR+Engineering+Recruiter+OR+Talent+Acquisition+OR+Internal+Recruiter,https://www.linkedin.com/search/results/people/?keywords=Automatic+Data+Processing+%28ADP%29+Limited+Staines+Engineering+Manager+OR+Head+of+Engineering+OR+Head+of+AI+OR+CTO,The company name suggests a technology or product-oriented business. It is already licensed for the Skilled Worker route. It has a listed presence in Upon Thames.,"Hi, I noticed Automatic Data Processing (ADP) Limited Staines is a licensed sponsor. I’m a UK-based applied AI/software engineer with 3+ years in Python, FastAPI, React, and production AI systems. I’d value connecting and learning about relevant engineering openings at Automatic Data Processing (ADP"
Axis Technology and Development Limited G,80,['ilford D'],['own Worker ('],['Skilled Worker'],"['tech', 'technology']",https://www.linkedin.com/search/results/companies/?keywords=Axis+Technology+and+Development+Limited+G,https://www.linkedin.com/jobs/search/?keywords=Axis+Technology+and+Development+Limited+G+Generative+AI+Engineer+OR+Applied+AI+Engineer+OR+AI+Software+Engineer+OR+Backend+Engineer+OR+Python+Engineer+OR+Full+Stack+Engineer,https://www.linkedin.com/search/results/people/?keywords=Axis+Technology+and+Development+Limited+G+Technical+Recruiter+OR+Engineering+Recruiter+OR+Talent+Acquisition+OR+Internal+Recruiter,https://www.linkedin.com/search/results/people/?keywords=Axis+Technology+and+Development+Limited+G+Engineering+Manager+OR+Head+of+Engineering+OR+Head+of+AI+OR+CTO,The company name suggests a technology or product-oriented business. It is already licensed for the Skilled Worker route. It has a listed presence in ilford D.,"Hi, I noticed Axis Technology and Development Limited G is a licensed sponsor. I’m a UK-based applied AI/software engineer with 3+ years in Python, FastAPI, React, and production AI systems. I’d value connecting and learning about relevant engineering openings at Axis Technology and Development Limi"
CMB.TECH Technology & Development Centre Ltd Br,80,['entwood'],['Essex Worker'],['Skilled Worker'],"['tech', 'technology']",https://www.linkedin.com/search/results/companies/?keywords=CMB.TECH+Technology+%26+Development+Centre+Ltd+Br,https://www.linkedin.com/jobs/search/?keywords=CMB.TECH+Technology+%26+Development+Centre+Ltd+Br+Generative+AI+Engineer+OR+Applied+AI+Engineer+OR+AI+Software+Engineer+OR+Backend+Engineer+OR+Python+Engineer+OR+Full+Stack+Engineer,https://www.linkedin.com/search/results/people/?keywords=CMB.TECH+Technology+%26+Development+Centre+Ltd+Br+Technical+Recruiter+OR+Engineering+Recruiter+OR+Talent+Acquisition+OR+Internal+Recruiter,https://www.linkedin.com/search/results/people/?keywords=CMB.TECH+Technology+%26+Development+Centre+Ltd+Br+Engineering+Manager+OR+Head+of+Engineering+OR+Head+of+AI+OR+CTO,The company name suggests a technology or product-oriented business. It is already licensed for the Skilled Worker route. It has a listed presence in entwood.,"Hi, I noticed CMB.TECH Technology & Development Centre Ltd Br is a licensed sponsor. I’m a UK-based applied AI/software engineer with 3+ years in Python, FastAPI, React, and production AI systems. I’d value connecting and learning about relevant engineering openings at CMB.TECH Technology & Developm"
Data Physics (UK) Ltd Hai,80,['lsham'],['Worker ('],['Skilled Worker'],"['ai', 'data', 'tech']",https://www.linkedin.com/search/results/companies/?keywords=Data+Physics+%28UK%29+Ltd+Hai,https://www.linkedin.com/jobs/search/?keywords=Data+Physics+%28UK%29+Ltd+Hai+Generative+AI+Engineer+OR+Applied+AI+Engineer+OR+AI+Software+Engineer+OR+Backend+Engineer+OR+Python+Engineer+OR+Full+Stack+Engineer,https://www.linkedin.com/search/results/people/?keywords=Data+Physics+%28UK%29+Ltd+Hai+Technical+Recruiter+OR+Engineering+Recruiter+OR+Talent+Acquisition+OR+Internal+Recruiter,https://www.linkedin.com/search/results/people/?keywords=Data+Physics+%28UK%29+Ltd+Hai+Engineering+Manager+OR+Head+of+Engineering+OR+Head+of+AI+OR+CTO,The company name suggests a technology or product-oriented business. It is already licensed for the Skilled Worker route. It has a listed presence in lsham.,"Hi, I noticed Data Physics (UK) Ltd Hai is a licensed sponsor. I’m a UK-based applied AI/software engineer with 3+ years in Python, FastAPI, React, and production AI systems. I’d value connecting and learning about relevant engineering openings at Data Physics (UK) Ltd Hai."
Data Saint Limited Cre,80,['we'],['Worker ('],['Skilled Worker'],"['ai', 'data', 'tech']",https://www.linkedin.com/search/results/companies/?keywords=Data+Saint+Limited+Cre,https://www.linkedin.com/jobs/search/?keywords=Data+Saint+Limited+Cre+Generative+AI+Engineer+OR+Applied+AI+Engineer+OR+AI+Software+Engineer+OR+Backend+Engineer+OR+Python+Engineer+OR+Full+Stack+Engineer,https://www.linkedin.com/search/results/people/?keywords=Data+Saint+Limited+Cre+Technical+Recruiter+OR+Engineering+Recruiter+OR+Talent+Acquisition+OR+Internal+Recruiter,https://www.linkedin.com/search/results/people/?keywords=Data+Saint+Limited+Cre+Engineering+Manager+OR+Head+of+Engineering+OR+Head+of+AI+OR+CTO,The company name suggests a technology or product-oriented business. It is already licensed for the Skilled Worker route. It has a listed presence in we.,"Hi, I noticed Data Saint Limited Cre is a licensed sponsor. I’m a UK-based applied AI/software engineer with 3+ years in Python, FastAPI, React, and production AI systems. I’d value connecting and learning about relevant engineering openings at Data Saint Limited Cre."
Dataiku Ltd London,80,[],['Worker (A rat'],"['Skilled Worker', 'lity: Senior or Specialist Worker']","['ai', 'data', 'tech']",https://www.linkedin.com/search/results/companies/?keywords=Dataiku+Ltd+London,https://www.linkedin.com/jobs/search/?keywords=Dataiku+Ltd+London+Generative+AI+Engineer+OR+Applied+AI+Engineer+OR+AI+Software+Engineer+OR+Backend+Engineer+OR+Python+Engineer+OR+Full+Stack+Engineer,https://www.linkedin.com/search/results/people/?keywords=Dataiku+Ltd+London+Technical+Recruiter+OR+Engineering+Recruiter+OR+Talent+Acquisition+OR+Internal+Recruiter,https://www.linkedin.com/search/results/people/?keywords=Dataiku+Ltd+London+Engineering+Manager+OR+Head+of+Engineering+OR+Head+of+AI+OR+CTO,The company name suggests a technology or product-oriented business. It is already licensed for the Skilled Worker route.,"Hi, I noticed Dataiku Ltd London is a licensed sponsor. I’m a UK-based applied AI/software engineer with 3+ years in Python, FastAPI, React, and production AI systems. I’d value connecting and learning about relevant engineering openings at Dataiku Ltd London."
DATAZONE TECHNOLOGIES LIMITED,80,['London'],[],['Skilled Worker'],"['data', 'tech']",https://www.linkedin.com/search/results/companies/?keywords=DATAZONE+TECHNOLOGIES+LIMITED,https://www.linkedin.com/jobs/search/?keywords=DATAZONE+TECHNOLOGIES+LIMITED+Generative+AI+Engineer+OR+Applied+AI+Engineer+OR+AI+Software+Engineer+OR+Backend+Engineer+OR+Python+Engineer+OR+Full+Stack+Engineer,https://www.linkedin.com/search/results/people/?keywords=DATAZONE+TECHNOLOGIES+LIMITED+Technical+Recruiter+OR+Engineering+Recruiter+OR+Talent+Acquisition+OR+Internal+Recruiter,https://www.linkedin.com/search/results/people/?keywords=DATAZONE+TECHNOLOGIES+LIMITED+Engineering+Manager+OR+Head+of+Engineering+OR+Head+of+AI+OR+CTO,The company name suggests a technology or product-oriented business. It is already licensed for the Skilled Worker route. It has a listed presence in London.,"Hi, I noticed DATAZONE TECHNOLOGIES LIMITED is a licensed sponsor. I’m a UK-based applied AI/software engineer with 3+ years in Python, FastAPI, React, and production AI systems. I’d value connecting and learning about relevant engineering openings at DATAZONE TECHNOLOGIES LIMITED."
Engineering Projects Protechnology Ltd L,80,['ondon'],['Worker'],['Skilled Worker'],"['tech', 'technology']",https://www.linkedin.com/search/results/companies/?keywords=Engineering+Projects+Protechnology+Ltd+L,https://www.linkedin.com/jobs/search/?keywords=Engineering+Projects+Protechnology+Ltd+L+Generative+AI+Engineer+OR+Applied+AI+Engineer+OR+AI+Software+Engineer+OR+Backend+Engineer+OR+Python+Engineer+OR+Full+Stack+Engineer,https://www.linkedin.com/search/results/people/?keywords=Engineering+Projects+Protechnology+Ltd+L+Technical+Recruiter+OR+Engineering+Recruiter+OR+Talent+Acquisition+OR+Internal+Recruiter,https://www.linkedin.com/search/results/people/?keywords=Engineering+Projects+Protechnology+Ltd+L+Engineering+Manager+OR+Head+of+Engineering+OR+Head+of+AI+OR+CTO,The company name suggests a technology or product-oriented business. It is already licensed for the Skilled Worker route. It has a listed presence in ondon.,"Hi, I noticed Engineering Projects Protechnology Ltd L is a licensed sponsor. I’m a UK-based applied AI/software engineer with 3+ years in Python, FastAPI, React, and production AI systems. I’d value connecting and learning about relevant engineering openings at Engineering Projects Protechnology Lt"
Engineering Technology Group W,80,['ellesbourne W'],['arwickshire Worker'],['Skilled Worker'],"['tech', 'technology']",https://www.linkedin.com/search/results/companies/?keywords=Engineering+Technology+Group+W,https://www.linkedin.com/jobs/search/?keywords=Engineering+Technology+Group+W+Generative+AI+Engineer+OR+Applied+AI+Engineer+OR+AI+Software+Engineer+OR+Backend+Engineer+OR+Python+Engineer+OR+Full+Stack+Engineer,https://www.linkedin.com/search/results/people/?keywords=Engineering+Technology+Group+W+Technical+Recruiter+OR+Engineering+Recruiter+OR+Talent+Acquisition+OR+Internal+Recruiter,https://www.linkedin.com/search/results/people/?keywords=Engineering+Technology+Group+W+Engineering+Manager+OR+Head+of+Engineering+OR+Head+of+AI+OR+CTO,The company name suggests a technology or product-oriented business. It is already licensed for the Skilled Worker route. It has a listed presence in ellesbourne W.,"Hi, I noticed Engineering Technology Group W is a licensed sponsor. I’m a UK-based applied AI/software engineer with 3+ years in Python, FastAPI, React, and production AI systems. I’d value connecting and learning about relevant engineering openings at Engineering Technology Group W."
European Technology Development Limited L,80,['eatherhead'],['Surrey Work'],['Skilled Worker'],"['tech', 'technology']",https://www.linkedin.com/search/results/companies/?keywords=European+Technology+Development+Limited+L,https://www.linkedin.com/jobs/search/?keywords=European+Technology+Development+Limited+L+Generative+AI+Engineer+OR+Applied+AI+Engineer+OR+AI+Software+Engineer+OR+Backend+Engineer+OR+Python+Engineer+OR+Full+Stack+Engineer,https://www.linkedin.com/search/results/people/?keywords=European+Technology+Development+Limited+L+Technical+Recruiter+OR+Engineering+Recruiter+OR+Talent+Acquisition+OR+Internal+Recruiter,https://www.linkedin.com/search/results/people/?keywords=European+Technology+Development+Limited+L+Engineering+Manager+OR+Head+of+Engineering+OR+Head+of+AI+OR+CTO,The company name suggests a technology or product-oriented business. It is already licensed for the Skilled Worker route. It has a listed presence in eatherhead.,"Hi, I noticed European Technology Development Limited L is a licensed sponsor. I’m a UK-based applied AI/software engineer with 3+ years in Python, FastAPI, React, and production AI systems. I’d value connecting and learning about relevant engineering openings at European Technology Development Limi"
ffi ffi GfK Retail and Technology UK Limited London,80,[],['Worke'],['al Business Mobility: Senior or Specialist Worker'],"['ai', 'tech', 'technology']",https://www.linkedin.com/search/results/companies/?keywords=ffi+ffi+GfK+Retail+and+Technology+UK+Limited+London,https://www.linkedin.com/jobs/search/?keywords=ffi+ffi+GfK+Retail+and+Technology+UK+Limited+London+Generative+AI+Engineer+OR+Applied+AI+Engineer+OR+AI+Software+Engineer+OR+Backend+Engineer+OR+Python+Engineer+OR+Full+Stack+Engineer,https://www.linkedin.com/search/results/people/?keywords=ffi+ffi+GfK+Retail+and+Technology+UK+Limited+London+Technical+Recruiter+OR+Engineering+Recruiter+OR+Talent+Acquisition+OR+Internal+Recruiter,https://www.linkedin.com/search/results/people/?keywords=ffi+ffi+GfK+Retail+and+Technology+UK+Limited+London+Engineering+Manager+OR+Head+of+Engineering+OR+Head+of+AI+OR+CTO,The company name suggests a technology or product-oriented business.,"Hi, I noticed ffi ffi GfK Retail and Technology UK Limited London is a licensed sponsor. I’m a UK-based applied AI/software engineer with 3+ years in Python, FastAPI, React, and production AI systems. I’d value connecting and learning about relevant engineering openings at ffi ffi GfK Retail and Tec"
Flutter Labs AI Ltd,80,['London'],['England'],['Skilled Worker'],"['ai', 'tech']",https://www.linkedin.com/search/results/companies/?keywords=Flutter+Labs+AI+Ltd,https://www.linkedin.com/jobs/search/?keywords=Flutter+Labs+AI+Ltd+Generative+AI+Engineer+OR+Applied+AI+Engineer+OR+AI+Software+Engineer+OR+Backend+Engineer+OR+Python+Engineer+OR+Full+Stack+Engineer,https://www.linkedin.com/search/results/people/?keywords=Flutter+Labs+AI+Ltd+Technical+Recruiter+OR+Engineering+Recruiter+OR+Talent+Acquisition+OR+Internal+Recruiter,https://www.linkedin.com/search/results/people/?keywords=Flutter+Labs+AI+Ltd+Engineering+Manager+OR+Head+of+Engineering+OR+Head+of+AI+OR+CTO,The company name suggests a technology or product-oriented business. It is already licensed for the Skilled Worker route. It has a listed presence in London.,"Hi, I noticed Flutter Labs AI Ltd is a licensed sponsor. I’m a UK-based applied AI/software engineer with 3+ years in Python, FastAPI, React, and production AI systems. I’d value connecting and learning about relevant engineering openings at Flutter Labs AI Ltd."
Giesecke+Devrient Currency Technology GB Ltd,80,['Milton Keynes'],['Wor'],"['Skilled Worker', 'obal Business Mobility: Senior or Specialist Worker']","['tech', 'technology']",https://www.linkedin.com/search/results/companies/?keywords=Giesecke%2BDevrient+Currency+Technology+GB+Ltd,https://www.linkedin.com/jobs/search/?keywords=Giesecke%2BDevrient+Currency+Technology+GB+Ltd+Generative+AI+Engineer+OR+Applied+AI+Engineer+OR+AI+Software+Engineer+OR+Backend+Engineer+OR+Python+Engineer+OR+Full+Stack+Engineer,https://www.linkedin.com/search/results/people/?keywords=Giesecke%2BDevrient+Currency+Technology+GB+Ltd+Technical+Recruiter+OR+Engineering+Recruiter+OR+Talent+Acquisition+OR+Internal+Recruiter,https://www.linkedin.com/search/results/people/?keywords=Giesecke%2BDevrient+Currency+Technology+GB+Ltd+Engineering+Manager+OR+Head+of+Engineering+OR+Head+of+AI+OR+CTO,The company name suggests a technology or product-oriented business. It is already licensed for the Skilled Worker route. It has a listed presence in Milton Keynes.,"Hi, I noticed Giesecke+Devrient Currency Technology GB Ltd is a licensed sponsor. I’m a UK-based applied AI/software engineer with 3+ years in Python, FastAPI, React, and production AI systems. I’d value connecting and learning about relevant engineering openings at Giesecke+Devrient Currency Techno"
Ikigai Data Ltd London,80,['Sel'],['ect One Worker (A'],['Skilled Worker'],"['ai', 'data', 'tech']",https://www.linkedin.com/search/results/companies/?keywords=Ikigai+Data+Ltd+London,https://www.linkedin.com/jobs/search/?keywords=Ikigai+Data+Ltd+London+Generative+AI+Engineer+OR+Applied+AI+Engineer+OR+AI+Software+Engineer+OR+Backend+Engineer+OR+Python+Engineer+OR+Full+Stack+Engineer,https://www.linkedin.com/search/results/people/?keywords=Ikigai+Data+Ltd+London+Technical+Recruiter+OR+Engineering+Recruiter+OR+Talent+Acquisition+OR+Internal+Recruiter,https://www.linkedin.com/search/results/people/?keywords=Ikigai+Data+Ltd+London+Engineering+Manager+OR+Head+of+Engineering+OR+Head+of+AI+OR+CTO,The company name suggests a technology or product-oriented business. It is already licensed for the Skilled Worker route. It has a listed presence in Sel.,"Hi, I noticed Ikigai Data Ltd London is a licensed sponsor. I’m a UK-based applied AI/software engineer with 3+ years in Python, FastAPI, React, and production AI systems. I’d value connecting and learning about relevant engineering openings at Ikigai Data Ltd London."
Mailing Technology & Sup[port Ltd R,80,['omford'],['Essex Wor'],['rker'],"['ai', 'tech', 'technology']",https://www.linkedin.com/search/results/companies/?keywords=Mailing+Technology+%26+Sup%5Bport+Ltd+R,https://www.linkedin.com/jobs/search/?keywords=Mailing+Technology+%26+Sup%5Bport+Ltd+R+Generative+AI+Engineer+OR+Applied+AI+Engineer+OR+AI+Software+Engineer+OR+Backend+Engineer+OR+Python+Engineer+OR+Full+Stack+Engineer,https://www.linkedin.com/search/results/people/?keywords=Mailing+Technology+%26+Sup%5Bport+Ltd+R+Technical+Recruiter+OR+Engineering+Recruiter+OR+Talent+Acquisition+OR+Internal+Recruiter,https://www.linkedin.com/search/results/people/?keywords=Mailing+Technology+%26+Sup%5Bport+Ltd+R+Engineering+Manager+OR+Head+of+Engineering+OR+Head+of+AI+OR+CTO,The company name suggests a technology or product-oriented business. It has a listed presence in omford.,"Hi, I noticed Mailing Technology & Sup[port Ltd R is a licensed sponsor. I’m a UK-based applied AI/software engineer with 3+ years in Python, FastAPI, React, and production AI systems. I’d value connecting and learning about relevant engineering openings at Mailing Technology & Sup[port Ltd R."
MAISHA TECHNOLOGY LIMITED L,80,['ondon'],['Wor'],['rker'],"['ai', 'tech', 'technology']",https://www.linkedin.com/search/results/companies/?keywords=MAISHA+TECHNOLOGY+LIMITED+L,https://www.linkedin.com/jobs/search/?keywords=MAISHA+TECHNOLOGY+LIMITED+L+Generative+AI+Engineer+OR+Applied+AI+Engineer+OR+AI+Software+Engineer+OR+Backend+Engineer+OR+Python+Engineer+OR+Full+Stack+Engineer,https://www.linkedin.com/search/results/people/?keywords=MAISHA+TECHNOLOGY+LIMITED+L+Technical+Recruiter+OR+Engineering+Recruiter+OR+Talent+Acquisition+OR+Internal+Recruiter,https://www.linkedin.com/search/results/people/?keywords=MAISHA+TECHNOLOGY+LIMITED+L+Engineering+Manager+OR+Head+of+Engineering+OR+Head+of+AI+OR+CTO,The company name suggests a technology or product-oriented business. It has a listed presence in ondon.,"Hi, I noticed MAISHA TECHNOLOGY LIMITED L is a licensed sponsor. I’m a UK-based applied AI/software engineer with 3+ years in Python, FastAPI, React, and production AI systems. I’d value connecting and learning about relevant engineering openings at MAISHA TECHNOLOGY LIMITED L."
Mosaic Smart Data Limited L,80,['ondon'],['Worke'],['Skilled Worker'],"['ai', 'data', 'tech']",https://www.linkedin.com/search/results/companies/?keywords=Mosaic+Smart+Data+Limited+L,https://www.linkedin.com/jobs/search/?keywords=Mosaic+Smart+Data+Limited+L+Generative+AI+Engineer+OR+Applied+AI+Engineer+OR+AI+Software+Engineer+OR+Backend+Engineer+OR+Python+Engineer+OR+Full+Stack+Engineer,https://www.linkedin.com/search/results/people/?keywords=Mosaic+Smart+Data+Limited+L+Technical+Recruiter+OR+Engineering+Recruiter+OR+Talent+Acquisition+OR+Internal+Recruiter,https://www.linkedin.com/search/results/people/?keywords=Mosaic+Smart+Data+Limited+L+Engineering+Manager+OR+Head+of+Engineering+OR+Head+of+AI+OR+CTO,The company name suggests a technology or product-oriented business. It is already licensed for the Skilled Worker route. It has a listed presence in ondon.,"Hi, I noticed Mosaic Smart Data Limited L is a licensed sponsor. I’m a UK-based applied AI/software engineer with 3+ years in Python, FastAPI, React, and production AI systems. I’d value connecting and learning about relevant engineering openings at Mosaic Smart Data Limited L."
New Model Institute for Technology and Engineering,80,['Hereford'],['Herefordshire'],['Skilled Worker'],"['tech', 'technology']",https://www.linkedin.com/search/results/companies/?keywords=New+Model+Institute+for+Technology+and+Engineering,https://www.linkedin.com/jobs/search/?keywords=New+Model+Institute+for+Technology+and+Engineering+Generative+AI+Engineer+OR+Applied+AI+Engineer+OR+AI+Software+Engineer+OR+Backend+Engineer+OR+Python+Engineer+OR+Full+Stack+Engineer,https://www.linkedin.com/search/results/people/?keywords=New+Model+Institute+for+Technology+and+Engineering+Technical+Recruiter+OR+Engineering+Recruiter+OR+Talent+Acquisition+OR+Internal+Recruiter,https://www.linkedin.com/search/results/people/?keywords=New+Model+Institute+for+Technology+and+Engineering+Engineering+Manager+OR+Head+of+Engineering+OR+Head+of+AI+OR+CTO,The company name suggests a technology or product-oriented business. It is already licensed for the Skilled Worker route. It has a listed presence in Hereford.,"Hi, I noticed New Model Institute for Technology and Engineering is a licensed sponsor. I’m a UK-based applied AI/software engineer with 3+ years in Python, FastAPI, React, and production AI systems. I’d value connecting and learning about relevant engineering openings at New Model Institute for Tec"
Raisin Platforms Limited,80,['Manchester'],['Worker'],"['Skilled Worker', 's Mobility: Senior or Specialist Worker']","['ai', 'platform', 'tech']",https://www.linkedin.com/search/results/companies/?keywords=Raisin+Platforms+Limited,https://www.linkedin.com/jobs/search/?keywords=Raisin+Platforms+Limited+Generative+AI+Engineer+OR+Applied+AI+Engineer+OR+AI+Software+Engineer+OR+Backend+Engineer+OR+Python+Engineer+OR+Full+Stack+Engineer,https://www.linkedin.com/search/results/people/?keywords=Raisin+Platforms+Limited+Technical+Recruiter+OR+Engineering+Recruiter+OR+Talent+Acquisition+OR+Internal+Recruiter,https://www.linkedin.com/search/results/people/?keywords=Raisin+Platforms+Limited+Engineering+Manager+OR+Head+of+Engineering+OR+Head+of+AI+OR+CTO,The company name suggests a technology or product-oriented business. It is already licensed for the Skilled Worker route. It has a listed presence in Manchester.,"Hi, I noticed Raisin Platforms Limited is a licensed sponsor. I’m a UK-based applied AI/software engineer with 3+ years in Python, FastAPI, React, and production AI systems. I’d value connecting and learning about relevant engineering openings at Raisin Platforms Limited."
Reuse Technology Group Ltd Rainham,80,['Esse'],['x Worker (A r'],['rker'],"['ai', 'tech', 'technology']",https://www.linkedin.com/search/results/companies/?keywords=Reuse+Technology+Group+Ltd+Rainham,https://www.linkedin.com/jobs/search/?keywords=Reuse+Technology+Group+Ltd+Rainham+Generative+AI+Engineer+OR+Applied+AI+Engineer+OR+AI+Software+Engineer+OR+Backend+Engineer+OR+Python+Engineer+OR+Full+Stack+Engineer,https://www.linkedin.com/search/results/people/?keywords=Reuse+Technology+Group+Ltd+Rainham+Technical+Recruiter+OR+Engineering+Recruiter+OR+Talent+Acquisition+OR+Internal+Recruiter,https://www.linkedin.com/search/results/people/?keywords=Reuse+Technology+Group+Ltd+Rainham+Engineering+Manager+OR+Head+of+Engineering+OR+Head+of+AI+OR+CTO,The company name suggests a technology or product-oriented business. It has a listed presence in Esse.,"Hi, I noticed Reuse Technology Group Ltd Rainham is a licensed sponsor. I’m a UK-based applied AI/software engineer with 3+ years in Python, FastAPI, React, and production AI systems. I’d value connecting and learning about relevant engineering openings at Reuse Technology Group Ltd Rainham."
SIGMA.AI DATA LTD London,80,[],['Worker (A ra'],['Skilled Worker'],"['ai', 'data', 'tech']",https://www.linkedin.com/search/results/companies/?keywords=SIGMA.AI+DATA+LTD+London,https://www.linkedin.com/jobs/search/?keywords=SIGMA.AI+DATA+LTD+London+Generative+AI+Engineer+OR+Applied+AI+Engineer+OR+AI+Software+Engineer+OR+Backend+Engineer+OR+Python+Engineer+OR+Full+Stack+Engineer,https://www.linkedin.com/search/results/people/?keywords=SIGMA.AI+DATA+LTD+London+Technical+Recruiter+OR+Engineering+Recruiter+OR+Talent+Acquisition+OR+Internal+Recruiter,https://www.linkedin.com/search/results/people/?keywords=SIGMA.AI+DATA+LTD+London+Engineering+Manager+OR+Head+of+Engineering+OR+Head+of+AI+OR+CTO,The company name suggests a technology or product-oriented business. It is already licensed for the Skilled Worker route.,"Hi, I noticed SIGMA.AI DATA LTD London is a licensed sponsor. I’m a UK-based applied AI/software engineer with 3+ years in Python, FastAPI, React, and production AI systems. I’d value connecting and learning about relevant engineering openings at SIGMA.AI DATA LTD London."
The Institution of Engineering and Technology,80,['Stevenage'],['Hertfordshire'],['Skilled Worker'],"['tech', 'technology']",https://www.linkedin.com/search/results/companies/?keywords=The+Institution+of+Engineering+and+Technology,https://www.linkedin.com/jobs/search/?keywords=The+Institution+of+Engineering+and+Technology+Generative+AI+Engineer+OR+Applied+AI+Engineer+OR+AI+Software+Engineer+OR+Backend+Engineer+OR+Python+Engineer+OR+Full+Stack+Engineer,https://www.linkedin.com/search/results/people/?keywords=The+Institution+of+Engineering+and+Technology+Technical+Recruiter+OR+Engineering+Recruiter+OR+Talent+Acquisition+OR+Internal+Recruiter,https://www.linkedin.com/search/results/people/?keywords=The+Institution+of+Engineering+and+Technology+Engineering+Manager+OR+Head+of+Engineering+OR+Head+of+AI+OR+CTO,The company name suggests a technology or product-oriented business. It is already licensed for the Skilled Worker route. It has a listed presence in Stevenage.,"Hi, I noticed The Institution of Engineering and Technology is a licensed sponsor. I’m a UK-based applied AI/software engineer with 3+ years in Python, FastAPI, React, and production AI systems. I’d value connecting and learning about relevant engineering openings at The Institution of Engineering a"
SAI ENGINEERING SERVICES LTD,79,['BRISTOL'],['AVON'],['Skilled Worker'],"['ai', 'services', 'tech']",https://www.linkedin.com/search/results/companies/?keywords=SAI+ENGINEERING+SERVICES+LTD,https://www.linkedin.com/jobs/search/?keywords=SAI+ENGINEERING+SERVICES+LTD+Generative+AI+Engineer+OR+Applied+AI+Engineer+OR+AI+Software+Engineer+OR+Backend+Engineer+OR+Python+Engineer+OR+Full+Stack+Engineer,https://www.linkedin.com/search/results/people/?keywords=SAI+ENGINEERING+SERVICES+LTD+Technical+Recruiter+OR+Engineering+Recruiter+OR+Talent+Acquisition+OR+Internal+Recruiter,https://www.linkedin.com/search/results/people/?keywords=SAI+ENGINEERING+SERVICES+LTD+Engineering+Manager+OR+Head+of+Engineering+OR+Head+of+AI+OR+CTO,The company name suggests a technology or product-oriented business. It is already licensed for the Skilled Worker route. It has a listed presence in BRISTOL.,"Hi, I noticed SAI ENGINEERING SERVICES LTD is a licensed sponsor. I’m a UK-based applied AI/software engineer with 3+ years in Python, FastAPI, React, and production AI systems. I’d value connecting and learning about relevant engineering openings at SAI ENGINEERING SERVICES LTD."
Abacus Information Technology UK Limited,78,['London'],[],"['Skilled Worker', 'usiness Mobility: Senior or Specialist Worker']","['tech', 'technology']",https://www.linkedin.com/search/results/companies/?keywords=Abacus+Information+Technology+UK+Limited,https://www.linkedin.com/jobs/search/?keywords=Abacus+Information+Technology+UK+Limited+Generative+AI+Engineer+OR+Applied+AI+Engineer+OR+AI+Software+Engineer+OR+Backend+Engineer+OR+Python+Engineer+OR+Full+Stack+Engineer,https://www.linkedin.com/search/results/people/?keywords=Abacus+Information+Technology+UK+Limited+Technical+Recruiter+OR+Engineering+Recruiter+OR+Talent+Acquisition+OR+Internal+Recruiter,https://www.linkedin.com/search/results/people/?keywords=Abacus+Information+Technology+UK+Limited+Engineering+Manager+OR+Head+of+Engineering+OR+Head+of+AI+OR+CTO,The company name suggests a technology or product-oriented business. It is already licensed for the Skilled Worker route. It has a listed presence in London.,"Hi, I noticed Abacus Information Technology UK Limited is a licensed sponsor. I’m a UK-based applied AI/software engineer with 3+ years in Python, FastAPI, React, and production AI systems. I’d value connecting and learning about relevant engineering openings at Abacus Information Technology UK Limi"
Adaptech AI LTD Londo,78,['n Lon'],['don Worker (A'],['Skilled Worker'],"['ai', 'tech']",https://www.linkedin.com/search/results/companies/?keywords=Adaptech+AI+LTD+Londo,https://www.linkedin.com/jobs/search/?keywords=Adaptech+AI+LTD+Londo+Generative+AI+Engineer+OR+Applied+AI+Engineer+OR+AI+Software+Engineer+OR+Backend+Engineer+OR+Python+Engineer+OR+Full+Stack+Engineer,https://www.linkedin.com/search/results/people/?keywords=Adaptech+AI+LTD+Londo+Technical+Recruiter+OR+Engineering+Recruiter+OR+Talent+Acquisition+OR+Internal+Recruiter,https://www.linkedin.com/search/results/people/?keywords=Adaptech+AI+LTD+Londo+Engineering+Manager+OR+Head+of+Engineering+OR+Head+of+AI+OR+CTO,The company name suggests a technology or product-oriented business. It is already licensed for the Skilled Worker route. It has a listed presence in n Lon.,"Hi, I noticed Adaptech AI LTD Londo is a licensed sponsor. I’m a UK-based applied AI/software engineer with 3+ years in Python, FastAPI, React, and production AI systems. I’d value connecting and learning about relevant engineering openings at Adaptech AI LTD Londo."
ADVANCED DESIGN TECHNOLOGY LIMITED,78,['LONDON'],[],['Skilled Worker'],"['tech', 'technology']",https://www.linkedin.com/search/results/companies/?keywords=ADVANCED+DESIGN+TECHNOLOGY+LIMITED,https://www.linkedin.com/jobs/search/?keywords=ADVANCED+DESIGN+TECHNOLOGY+LIMITED+Generative+AI+Engineer+OR+Applied+AI+Engineer+OR+AI+Software+Engineer+OR+Backend+Engineer+OR+Python+Engineer+OR+Full+Stack+Engineer,https://www.linkedin.com/search/results/people/?keywords=ADVANCED+DESIGN+TECHNOLOGY+LIMITED+Technical+Recruiter+OR+Engineering+Recruiter+OR+Talent+Acquisition+OR+Internal+Recruiter,https://www.linkedin.com/search/results/people/?keywords=ADVANCED+DESIGN+TECHNOLOGY+LIMITED+Engineering+Manager+OR+Head+of+Engineering+OR+Head+of+AI+OR+CTO,The company name suggests a technology or product-oriented business. It is already licensed for the Skilled Worker route. It has a listed presence in LONDON.,"Hi, I noticed ADVANCED DESIGN TECHNOLOGY LIMITED is a licensed sponsor. I’m a UK-based applied AI/software engineer with 3+ years in Python, FastAPI, React, and production AI systems. I’d value connecting and learning about relevant engineering openings at ADVANCED DESIGN TECHNOLOGY LIMITED."
Aera Technology Limited,78,['London'],[],['Skilled Worker'],"['tech', 'technology']",https://www.linkedin.com/search/results/companies/?keywords=Aera+Technology+Limited,https://www.linkedin.com/jobs/search/?keywords=Aera+Technology+Limited+Generative+AI+Engineer+OR+Applied+AI+Engineer+OR+AI+Software+Engineer+OR+Backend+Engineer+OR+Python+Engineer+OR+Full+Stack+Engineer,https://www.linkedin.com/search/results/people/?keywords=Aera+Technology+Limited+Technical+Recruiter+OR+Engineering+Recruiter+OR+Talent+Acquisition+OR+Internal+Recruiter,https://www.linkedin.com/search/results/people/?keywords=Aera+Technology+Limited+Engineering+Manager+OR+Head+of+Engineering+OR+Head+of+AI+OR+CTO,The company name suggests a technology or product-oriented business. It is already licensed for the Skilled Worker route. It has a listed presence in London.,"Hi, I noticed Aera Technology Limited is a licensed sponsor. I’m a UK-based applied AI/software engineer with 3+ years in Python, FastAPI, React, and production AI systems. I’d value connecting and learning about relevant engineering openings at Aera Technology Limited."
Aerospace Technology Institute,78,['London'],[],['Skilled Worker'],"['tech', 'technology']",https://www.linkedin.com/search/results/companies/?keywords=Aerospace+Technology+Institute,https://www.linkedin.com/jobs/search/?keywords=Aerospace+Technology+Institute+Generative+AI+Engineer+OR+Applied+AI+Engineer+OR+AI+Software+Engineer+OR+Backend+Engineer+OR+Python+Engineer+OR+Full+Stack+Engineer,https://www.linkedin.com/search/results/people/?keywords=Aerospace+Technology+Institute+Technical+Recruiter+OR+Engineering+Recruiter+OR+Talent+Acquisition+OR+Internal+Recruiter,https://www.linkedin.com/search/results/people/?keywords=Aerospace+Technology+Institute+Engineering+Manager+OR+Head+of+Engineering+OR+Head+of+AI+OR+CTO,The company name suggests a technology or product-oriented business. It is already licensed for the Skilled Worker route. It has a listed presence in London.,"Hi, I noticed Aerospace Technology Institute is a licensed sponsor. I’m a UK-based applied AI/software engineer with 3+ years in Python, FastAPI, React, and production AI systems. I’d value connecting and learning about relevant engineering openings at Aerospace Technology Institute."
AI Recruitment Technologies Limited Knowsle,78,['y Mers'],['eyside Worker ('],['Skilled Worker'],"['ai', 'tech']",https://www.linkedin.com/search/results/companies/?keywords=AI+Recruitment+Technologies+Limited+Knowsle,https://www.linkedin.com/jobs/search/?keywords=AI+Recruitment+Technologies+Limited+Knowsle+Generative+AI+Engineer+OR+Applied+AI+Engineer+OR+AI+Software+Engineer+OR+Backend+Engineer+OR+Python+Engineer+OR+Full+Stack+Engineer,https://www.linkedin.com/search/results/people/?keywords=AI+Recruitment+Technologies+Limited+Knowsle+Technical+Recruiter+OR+Engineering+Recruiter+OR+Talent+Acquisition+OR+Internal+Recruiter,https://www.linkedin.com/search/results/people/?keywords=AI+Recruitment+Technologies+Limited+Knowsle+Engineering+Manager+OR+Head+of+Engineering+OR+Head+of+AI+OR+CTO,The company name suggests a technology or product-oriented business. It is already licensed for the Skilled Worker route. It has a listed presence in y Mers.,"Hi, I noticed AI Recruitment Technologies Limited Knowsle is a licensed sponsor. I’m a UK-based applied AI/software engineer with 3+ years in Python, FastAPI, React, and production AI systems. I’d value connecting and learning about relevant engineering openings at AI Recruitment Technologies Limite"
AI Tech Ltd London,78,[],['Worker ('],['Skilled Worker'],"['ai', 'tech']",https://www.linkedin.com/search/results/companies/?keywords=AI+Tech+Ltd+London,https://www.linkedin.com/jobs/search/?keywords=AI+Tech+Ltd+London+Generative+AI+Engineer+OR+Applied+AI+Engineer+OR+AI+Software+Engineer+OR+Backend+Engineer+OR+Python+Engineer+OR+Full+Stack+Engineer,https://www.linkedin.com/search/results/people/?keywords=AI+Tech+Ltd+London+Technical+Recruiter+OR+Engineering+Recruiter+OR+Talent+Acquisition+OR+Internal+Recruiter,https://www.linkedin.com/search/results/people/?keywords=AI+Tech+Ltd+London+Engineering+Manager+OR+Head+of+Engineering+OR+Head+of+AI+OR+CTO,The company name suggests a technology or product-oriented business. It is already licensed for the Skilled Worker route.,"Hi, I noticed AI Tech Ltd London is a licensed sponsor. I’m a UK-based applied AI/software engineer with 3+ years in Python, FastAPI, React, and production AI systems. I’d value connecting and learning about relevant engineering openings at AI Tech Ltd London."
AIDEM TECHNOLOGIES LTD L,78,['ondon'],['Wor'],"['Skilled Worker', 'obal Business Mobility: Senior or Specialist Worker']","['ai', 'tech']",https://www.linkedin.com/search/results/companies/?keywords=AIDEM+TECHNOLOGIES+LTD+L,https://www.linkedin.com/jobs/search/?keywords=AIDEM+TECHNOLOGIES+LTD+L+Generative+AI+Engineer+OR+Applied+AI+Engineer+OR+AI+Software+Engineer+OR+Backend+Engineer+OR+Python+Engineer+OR+Full+Stack+Engineer,https://www.linkedin.com/search/results/people/?keywords=AIDEM+TECHNOLOGIES+LTD+L+Technical+Recruiter+OR+Engineering+Recruiter+OR+Talent+Acquisition+OR+Internal+Recruiter,https://www.linkedin.com/search/results/people/?keywords=AIDEM+TECHNOLOGIES+LTD+L+Engineering+Manager+OR+Head+of+Engineering+OR+Head+of+AI+OR+CTO,The company name suggests a technology or product-oriented business. It is already licensed for the Skilled Worker route. It has a listed presence in ondon.,"Hi, I noticed AIDEM TECHNOLOGIES LTD L is a licensed sponsor. I’m a UK-based applied AI/software engineer with 3+ years in Python, FastAPI, React, and production AI systems. I’d value connecting and learning about relevant engineering openings at AIDEM TECHNOLOGIES LTD L."
Akamai Technologies Limited L,78,['ondon'],['Work'],"['Skilled Worker', 'bal Business Mobility: Senior or Specialist Worker']","['ai', 'tech']",https://www.linkedin.com/search/results/companies/?keywords=Akamai+Technologies+Limited+L,https://www.linkedin.com/jobs/search/?keywords=Akamai+Technologies+Limited+L+Generative+AI+Engineer+OR+Applied+AI+Engineer+OR+AI+Software+Engineer+OR+Backend+Engineer+OR+Python+Engineer+OR+Full+Stack+Engineer,https://www.linkedin.com/search/results/people/?keywords=Akamai+Technologies+Limited+L+Technical+Recruiter+OR+Engineering+Recruiter+OR+Talent+Acquisition+OR+Internal+Recruiter,https://www.linkedin.com/search/results/people/?keywords=Akamai+Technologies+Limited+L+Engineering+Manager+OR+Head+of+Engineering+OR+Head+of+AI+OR+CTO,The company name suggests a technology or product-oriented business. It is already licensed for the Skilled Worker route. It has a listed presence in ondon.,"Hi, I noticed Akamai Technologies Limited L is a licensed sponsor. I’m a UK-based applied AI/software engineer with 3+ years in Python, FastAPI, React, and production AI systems. I’d value connecting and learning about relevant engineering openings at Akamai Technologies Limited L."
APPLY4 TECHNOLOGY LIMITED,78,['LONDON'],['Worker'],['Skilled Worker'],"['tech', 'technology']",https://www.linkedin.com/search/results/companies/?keywords=APPLY4+TECHNOLOGY+LIMITED,https://www.linkedin.com/jobs/search/?keywords=APPLY4+TECHNOLOGY+LIMITED+Generative+AI+Engineer+OR+Applied+AI+Engineer+OR+AI+Software+Engineer+OR+Backend+Engineer+OR+Python+Engineer+OR+Full+Stack+Engineer,https://www.linkedin.com/search/results/people/?keywords=APPLY4+TECHNOLOGY+LIMITED+Technical+Recruiter+OR+Engineering+Recruiter+OR+Talent+Acquisition+OR+Internal+Recruiter,https://www.linkedin.com/search/results/people/?keywords=APPLY4+TECHNOLOGY+LIMITED+Engineering+Manager+OR+Head+of+Engineering+OR+Head+of+AI+OR+CTO,The company name suggests a technology or product-oriented business. It is already licensed for the Skilled Worker route. It has a listed presence in LONDON.,"Hi, I noticed APPLY4 TECHNOLOGY LIMITED is a licensed sponsor. I’m a UK-based applied AI/software engineer with 3+ years in Python, FastAPI, React, and production AI systems. I’d value connecting and learning about relevant engineering openings at APPLY4 TECHNOLOGY LIMITED."
Areteans Technology Solutions UK Limited Lon,78,['don'],['Worker (A'],"['Skilled Worker', 'usiness Mobility: Senior or Specialist Worker']","['services', 'tech', 'technology']",https://www.linkedin.com/search/results/companies/?keywords=Areteans+Technology+Solutions+UK+Limited+Lon,https://www.linkedin.com/jobs/search/?keywords=Areteans+Technology+Solutions+UK+Limited+Lon+Generative+AI+Engineer+OR+Applied+AI+Engineer+OR+AI+Software+Engineer+OR+Backend+Engineer+OR+Python+Engineer+OR+Full+Stack+Engineer,https://www.linkedin.com/search/results/people/?keywords=Areteans+Technology+Solutions+UK+Limited+Lon+Technical+Recruiter+OR+Engineering+Recruiter+OR+Talent+Acquisition+OR+Internal+Recruiter,https://www.linkedin.com/search/results/people/?keywords=Areteans+Technology+Solutions+UK+Limited+Lon+Engineering+Manager+OR+Head+of+Engineering+OR+Head+of+AI+OR+CTO,The company name suggests a technology or product-oriented business. It is already licensed for the Skilled Worker route. It has a listed presence in don.,"Hi, I noticed Areteans Technology Solutions UK Limited Lon is a licensed sponsor. I’m a UK-based applied AI/software engineer with 3+ years in Python, FastAPI, React, and production AI systems. I’d value connecting and learning about relevant engineering openings at Areteans Technology Solutions UK "
Aspire technology solutions,78,['Gateshead'],['Wor'],['Skilled Worker'],"['services', 'tech', 'technology']",https://www.linkedin.com/search/results/companies/?keywords=Aspire+technology+solutions,https://www.linkedin.com/jobs/search/?keywords=Aspire+technology+solutions+Generative+AI+Engineer+OR+Applied+AI+Engineer+OR+AI+Software+Engineer+OR+Backend+Engineer+OR+Python+Engineer+OR+Full+Stack+Engineer,https://www.linkedin.com/search/results/people/?keywords=Aspire+technology+solutions+Technical+Recruiter+OR+Engineering+Recruiter+OR+Talent+Acquisition+OR+Internal+Recruiter,https://www.linkedin.com/search/results/people/?keywords=Aspire+technology+solutions+Engineering+Manager+OR+Head+of+Engineering+OR+Head+of+AI+OR+CTO,The company name suggests a technology or product-oriented business. It is already licensed for the Skilled Worker route. It has a listed presence in Gateshead.,"Hi, I noticed Aspire technology solutions is a licensed sponsor. I’m a UK-based applied AI/software engineer with 3+ years in Python, FastAPI, React, and production AI systems. I’d value connecting and learning about relevant engineering openings at Aspire technology solutions."
Atlas Technology Solutions UK Limited London,78,[],['Worker (A ratin'],"['Skilled Worker', 's Mobility: Senior or Specialist Worker']","['services', 'tech', 'technology']",https://www.linkedin.com/search/results/companies/?keywords=Atlas+Technology+Solutions+UK+Limited+London,https://www.linkedin.com/jobs/search/?keywords=Atlas+Technology+Solutions+UK+Limited+London+Generative+AI+Engineer+OR+Applied+AI+Engineer+OR+AI+Software+Engineer+OR+Backend+Engineer+OR+Python+Engineer+OR+Full+Stack+Engineer,https://www.linkedin.com/search/results/people/?keywords=Atlas+Technology+Solutions+UK+Limited+London+Technical+Recruiter+OR+Engineering+Recruiter+OR+Talent+Acquisition+OR+Internal+Recruiter,https://www.linkedin.com/search/results/people/?keywords=Atlas+Technology+Solutions+UK+Limited+London+Engineering+Manager+OR+Head+of+Engineering+OR+Head+of+AI+OR+CTO,The company name suggests a technology or product-oriented business. It is already licensed for the Skilled Worker route.,"Hi, I noticed Atlas Technology Solutions UK Limited London is a licensed sponsor. I’m a UK-based applied AI/software engineer with 3+ years in Python, FastAPI, React, and production AI systems. I’d value connecting and learning about relevant engineering openings at Atlas Technology Solutions UK Lim"
AVASO Technology Solutions Ltd Lo,78,['ndon'],"['Tempora', 'Worker']","['Global Business Mobility: Graduate Trainee', 'Global Business Mobility: Senior or Specialist Worker', 'Skilled Worker']","['services', 'tech', 'technology']",https://www.linkedin.com/search/results/companies/?keywords=AVASO+Technology+Solutions+Ltd+Lo,https://www.linkedin.com/jobs/search/?keywords=AVASO+Technology+Solutions+Ltd+Lo+Generative+AI+Engineer+OR+Applied+AI+Engineer+OR+AI+Software+Engineer+OR+Backend+Engineer+OR+Python+Engineer+OR+Full+Stack+Engineer,https://www.linkedin.com/search/results/people/?keywords=AVASO+Technology+Solutions+Ltd+Lo+Technical+Recruiter+OR+Engineering+Recruiter+OR+Talent+Acquisition+OR+Internal+Recruiter,https://www.linkedin.com/search/results/people/?keywords=AVASO+Technology+Solutions+Ltd+Lo+Engineering+Manager+OR+Head+of+Engineering+OR+Head+of+AI+OR+CTO,The company name suggests a technology or product-oriented business. It is already licensed for the Skilled Worker route. It has a listed presence in ndon.,"Hi, I noticed AVASO Technology Solutions Ltd Lo is a licensed sponsor. I’m a UK-based applied AI/software engineer with 3+ years in Python, FastAPI, React, and production AI systems. I’d value connecting and learning about relevant engineering openings at AVASO Technology Solutions Ltd Lo."
Avigna Technology Solutions Limited Londo,78,['n'],['Worker (A'],['Skilled Worker'],"['services', 'tech', 'technology']",https://www.linkedin.com/search/results/companies/?keywords=Avigna+Technology+Solutions+Limited+Londo,https://www.linkedin.com/jobs/search/?keywords=Avigna+Technology+Solutions+Limited+Londo+Generative+AI+Engineer+OR+Applied+AI+Engineer+OR+AI+Software+Engineer+OR+Backend+Engineer+OR+Python+Engineer+OR+Full+Stack+Engineer,https://www.linkedin.com/search/results/people/?keywords=Avigna+Technology+Solutions+Limited+Londo+Technical+Recruiter+OR+Engineering+Recruiter+OR+Talent+Acquisition+OR+Internal+Recruiter,https://www.linkedin.com/search/results/people/?keywords=Avigna+Technology+Solutions+Limited+Londo+Engineering+Manager+OR+Head+of+Engineering+OR+Head+of+AI+OR+CTO,The company name suggests a technology or product-oriented business. It is already licensed for the Skilled Worker route. It has a listed presence in n.,"Hi, I noticed Avigna Technology Solutions Limited Londo is a licensed sponsor. I’m a UK-based applied AI/software engineer with 3+ years in Python, FastAPI, React, and production AI systems. I’d value connecting and learning about relevant engineering openings at Avigna Technology Solutions Limited "
Axsai Technologies Europe Limited L,78,['ondon'],['Worker ('],['Skilled Worker'],"['ai', 'tech']",https://www.linkedin.com/search/results/companies/?keywords=Axsai+Technologies+Europe+Limited+L,https://www.linkedin.com/jobs/search/?keywords=Axsai+Technologies+Europe+Limited+L+Generative+AI+Engineer+OR+Applied+AI+Engineer+OR+AI+Software+Engineer+OR+Backend+Engineer+OR+Python+Engineer+OR+Full+Stack+Engineer,https://www.linkedin.com/search/results/people/?keywords=Axsai+Technologies+Europe+Limited+L+Technical+Recruiter+OR+Engineering+Recruiter+OR+Talent+Acquisition+OR+Internal+Recruiter,https://www.linkedin.com/search/results/people/?keywords=Axsai+Technologies+Europe+Limited+L+Engineering+Manager+OR+Head+of+Engineering+OR+Head+of+AI+OR+CTO,The company name suggests a technology or product-oriented business. It is already licensed for the Skilled Worker route. It has a listed presence in ondon.,"Hi, I noticed Axsai Technologies Europe Limited L is a licensed sponsor. I’m a UK-based applied AI/software engineer with 3+ years in Python, FastAPI, React, and production AI systems. I’d value connecting and learning about relevant engineering openings at Axsai Technologies Europe Limited L."
BANKTECH SOFTWARE SERVICES LIMITED Ca,78,['mbridge'],[],['Skilled Worker'],"['finance', 'services', 'software', 'tech']",https://www.linkedin.com/search/results/companies/?keywords=BANKTECH+SOFTWARE+SERVICES+LIMITED+Ca,https://www.linkedin.com/jobs/search/?keywords=BANKTECH+SOFTWARE+SERVICES+LIMITED+Ca+Generative+AI+Engineer+OR+Applied+AI+Engineer+OR+AI+Software+Engineer+OR+Backend+Engineer+OR+Python+Engineer+OR+Full+Stack+Engineer,https://www.linkedin.com/search/results/people/?keywords=BANKTECH+SOFTWARE+SERVICES+LIMITED+Ca+Technical+Recruiter+OR+Engineering+Recruiter+OR+Talent+Acquisition+OR+Internal+Recruiter,https://www.linkedin.com/search/results/people/?keywords=BANKTECH+SOFTWARE+SERVICES+LIMITED+Ca+Engineering+Manager+OR+Head+of+Engineering+OR+Head+of+AI+OR+CTO,The company name suggests a technology or product-oriented business. It is already licensed for the Skilled Worker route. It has a listed presence in mbridge.,"Hi, I noticed BANKTECH SOFTWARE SERVICES LIMITED Ca is a licensed sponsor. I’m a UK-based applied AI/software engineer with 3+ years in Python, FastAPI, React, and production AI systems. I’d value connecting and learning about relevant engineering openings at BANKTECH SOFTWARE SERVICES LIMITED Ca."
Bigminds Technology Solutions Limited,78,['Bromley'],['Work'],['Skilled Worker'],"['services', 'tech', 'technology']",https://www.linkedin.com/search/results/companies/?keywords=Bigminds+Technology+Solutions+Limited,https://www.linkedin.com/jobs/search/?keywords=Bigminds+Technology+Solutions+Limited+Generative+AI+Engineer+OR+Applied+AI+Engineer+OR+AI+Software+Engineer+OR+Backend+Engineer+OR+Python+Engineer+OR+Full+Stack+Engineer,https://www.linkedin.com/search/results/people/?keywords=Bigminds+Technology+Solutions+Limited+Technical+Recruiter+OR+Engineering+Recruiter+OR+Talent+Acquisition+OR+Internal+Recruiter,https://www.linkedin.com/search/results/people/?keywords=Bigminds+Technology+Solutions+Limited+Engineering+Manager+OR+Head+of+Engineering+OR+Head+of+AI+OR+CTO,The company name suggests a technology or product-oriented business. It is already licensed for the Skilled Worker route. It has a listed presence in Bromley.,"Hi, I noticed Bigminds Technology Solutions Limited is a licensed sponsor. I’m a UK-based applied AI/software engineer with 3+ years in Python, FastAPI, React, and production AI systems. I’d value connecting and learning about relevant engineering openings at Bigminds Technology Solutions Limited."
Brainstorm Mobile Solutions Ltd,78,['London'],[],['Skilled Worker'],"['ai', 'services', 'tech']",https://www.linkedin.com/search/results/companies/?keywords=Brainstorm+Mobile+Solutions+Ltd,https://www.linkedin.com/jobs/search/?keywords=Brainstorm+Mobile+Solutions+Ltd+Generative+AI+Engineer+OR+Applied+AI+Engineer+OR+AI+Software+Engineer+OR+Backend+Engineer+OR+Python+Engineer+OR+Full+Stack+Engineer,https://www.linkedin.com/search/results/people/?keywords=Brainstorm+Mobile+Solutions+Ltd+Technical+Recruiter+OR+Engineering+Recruiter+OR+Talent+Acquisition+OR+Internal+Recruiter,https://www.linkedin.com/search/results/people/?keywords=Brainstorm+Mobile+Solutions+Ltd+Engineering+Manager+OR+Head+of+Engineering+OR+Head+of+AI+OR+CTO,The company name suggests a technology or product-oriented business. It is already licensed for the Skilled Worker route. It has a listed presence in London.,"Hi, I noticed Brainstorm Mobile Solutions Ltd is a licensed sponsor. I’m a UK-based applied AI/software engineer with 3+ years in Python, FastAPI, React, and production AI systems. I’d value connecting and learning about relevant engineering openings at Brainstorm Mobile Solutions Ltd."
BrightSign Technology Limited,78,['London'],[],['Skilled Worker'],"['tech', 'technology']",https://www.linkedin.com/search/results/companies/?keywords=BrightSign+Technology+Limited,https://www.linkedin.com/jobs/search/?keywords=BrightSign+Technology+Limited+Generative+AI+Engineer+OR+Applied+AI+Engineer+OR+AI+Software+Engineer+OR+Backend+Engineer+OR+Python+Engineer+OR+Full+Stack+Engineer,https://www.linkedin.com/search/results/people/?keywords=BrightSign+Technology+Limited+Technical+Recruiter+OR+Engineering+Recruiter+OR+Talent+Acquisition+OR+Internal+Recruiter,https://www.linkedin.com/search/results/people/?keywords=BrightSign+Technology+Limited+Engineering+Manager+OR+Head+of+Engineering+OR+Head+of+AI+OR+CTO,The company name suggests a technology or product-oriented business. It is already licensed for the Skilled Worker route. It has a listed presence in London.,"Hi, I noticed BrightSign Technology Limited is a licensed sponsor. I’m a UK-based applied AI/software engineer with 3+ years in Python, FastAPI, React, and production AI systems. I’d value connecting and learning about relevant engineering openings at BrightSign Technology Limited."
Brink Technology Ltd,78,['London'],['Wor'],['Skilled Worker'],"['tech', 'technology']",https://www.linkedin.com/search/results/companies/?keywords=Brink+Technology+Ltd,https://www.linkedin.com/jobs/search/?keywords=Brink+Technology+Ltd+Generative+AI+Engineer+OR+Applied+AI+Engineer+OR+AI+Software+Engineer+OR+Backend+Engineer+OR+Python+Engineer+OR+Full+Stack+Engineer,https://www.linkedin.com/search/results/people/?keywords=Brink+Technology+Ltd+Technical+Recruiter+OR+Engineering+Recruiter+OR+Talent+Acquisition+OR+Internal+Recruiter,https://www.linkedin.com/search/results/people/?keywords=Brink+Technology+Ltd+Engineering+Manager+OR+Head+of+Engineering+OR+Head+of+AI+OR+CTO,The company name suggests a technology or product-oriented business. It is already licensed for the Skilled Worker route. It has a listed presence in London.,"Hi, I noticed Brink Technology Ltd is a licensed sponsor. I’m a UK-based applied AI/software engineer with 3+ years in Python, FastAPI, React, and production AI systems. I’d value connecting and learning about relevant engineering openings at Brink Technology Ltd."
Britain Tech Ltd M,78,['iddelsex'],['Worker'],['Skilled Worker'],"['ai', 'tech']",https://www.linkedin.com/search/results/companies/?keywords=Britain+Tech+Ltd+M,https://www.linkedin.com/jobs/search/?keywords=Britain+Tech+Ltd+M+Generative+AI+Engineer+OR+Applied+AI+Engineer+OR+AI+Software+Engineer+OR+Backend+Engineer+OR+Python+Engineer+OR+Full+Stack+Engineer,https://www.linkedin.com/search/results/people/?keywords=Britain+Tech+Ltd+M+Technical+Recruiter+OR+Engineering+Recruiter+OR+Talent+Acquisition+OR+Internal+Recruiter,https://www.linkedin.com/search/results/people/?keywords=Britain+Tech+Ltd+M+Engineering+Manager+OR+Head+of+Engineering+OR+Head+of+AI+OR+CTO,The company name suggests a technology or product-oriented business. It is already licensed for the Skilled Worker route. It has a listed presence in iddelsex.,"Hi, I noticed Britain Tech Ltd M is a licensed sponsor. I’m a UK-based applied AI/software engineer with 3+ years in Python, FastAPI, React, and production AI systems. I’d value connecting and learning about relevant engineering openings at Britain Tech Ltd M."
Brothers Bridge Technology Ltd,78,['London'],[],['Skilled Worker'],"['tech', 'technology']",https://www.linkedin.com/search/results/companies/?keywords=Brothers+Bridge+Technology+Ltd,https://www.linkedin.com/jobs/search/?keywords=Brothers+Bridge+Technology+Ltd+Generative+AI+Engineer+OR+Applied+AI+Engineer+OR+AI+Software+Engineer+OR+Backend+Engineer+OR+Python+Engineer+OR+Full+Stack+Engineer,https://www.linkedin.com/search/results/people/?keywords=Brothers+Bridge+Technology+Ltd+Technical+Recruiter+OR+Engineering+Recruiter+OR+Talent+Acquisition+OR+Internal+Recruiter,https://www.linkedin.com/search/results/people/?keywords=Brothers+Bridge+Technology+Ltd+Engineering+Manager+OR+Head+of+Engineering+OR+Head+of+AI+OR+CTO,The company name suggests a technology or product-oriented business. It is already licensed for the Skilled Worker route. It has a listed presence in London.,"Hi, I noticed Brothers Bridge Technology Ltd is a licensed sponsor. I’m a UK-based applied AI/software engineer with 3+ years in Python, FastAPI, React, and production AI systems. I’d value connecting and learning about relevant engineering openings at Brothers Bridge Technology Ltd."
BuildPartner Technology Ltd,78,['London'],[],['Skilled Worker'],"['tech', 'technology']",https://www.linkedin.com/search/results/companies/?keywords=BuildPartner+Technology+Ltd,https://www.linkedin.com/jobs/search/?keywords=BuildPartner+Technology+Ltd+Generative+AI+Engineer+OR+Applied+AI+Engineer+OR+AI+Software+Engineer+OR+Backend+Engineer+OR+Python+Engineer+OR+Full+Stack+Engineer,https://www.linkedin.com/search/results/people/?keywords=BuildPartner+Technology+Ltd+Technical+Recruiter+OR+Engineering+Recruiter+OR+Talent+Acquisition+OR+Internal+Recruiter,https://www.linkedin.com/search/results/people/?keywords=BuildPartner+Technology+Ltd+Engineering+Manager+OR+Head+of+Engineering+OR+Head+of+AI+OR+CTO,The company name suggests a technology or product-oriented business. It is already licensed for the Skilled Worker route. It has a listed presence in London.,"Hi, I noticed BuildPartner Technology Ltd is a licensed sponsor. I’m a UK-based applied AI/software engineer with 3+ years in Python, FastAPI, React, and production AI systems. I’d value connecting and learning about relevant engineering openings at BuildPartner Technology Ltd."
BUSINESS MAIL SOLUTIONS LIMITED,78,['London'],[],['Skilled Worker'],"['ai', 'services', 'tech']",https://www.linkedin.com/search/results/companies/?keywords=BUSINESS+MAIL+SOLUTIONS+LIMITED,https://www.linkedin.com/jobs/search/?keywords=BUSINESS+MAIL+SOLUTIONS+LIMITED+Generative+AI+Engineer+OR+Applied+AI+Engineer+OR+AI+Software+Engineer+OR+Backend+Engineer+OR+Python+Engineer+OR+Full+Stack+Engineer,https://www.linkedin.com/search/results/people/?keywords=BUSINESS+MAIL+SOLUTIONS+LIMITED+Technical+Recruiter+OR+Engineering+Recruiter+OR+Talent+Acquisition+OR+Internal+Recruiter,https://www.linkedin.com/search/results/people/?keywords=BUSINESS+MAIL+SOLUTIONS+LIMITED+Engineering+Manager+OR+Head+of+Engineering+OR+Head+of+AI+OR+CTO,The company name suggests a technology or product-oriented business. It is already licensed for the Skilled Worker route. It has a listed presence in London.,"Hi, I noticed BUSINESS MAIL SOLUTIONS LIMITED is a licensed sponsor. I’m a UK-based applied AI/software engineer with 3+ years in Python, FastAPI, React, and production AI systems. I’d value connecting and learning about relevant engineering openings at BUSINESS MAIL SOLUTIONS LIMITED."
Capital Administration Technology Ltd,78,['London'],['Wor'],['Skilled Worker'],"['finance', 'tech', 'technology']",https://www.linkedin.com/search/results/companies/?keywords=Capital+Administration+Technology+Ltd,https://www.linkedin.com/jobs/search/?keywords=Capital+Administration+Technology+Ltd+Generative+AI+Engineer+OR+Applied+AI+Engineer+OR+AI+Software+Engineer+OR+Backend+Engineer+OR+Python+Engineer+OR+Full+Stack+Engineer,https://www.linkedin.com/search/results/people/?keywords=Capital+Administration+Technology+Ltd+Technical+Recruiter+OR+Engineering+Recruiter+OR+Talent+Acquisition+OR+Internal+Recruiter,https://www.linkedin.com/search/results/people/?keywords=Capital+Administration+Technology+Ltd+Engineering+Manager+OR+Head+of+Engineering+OR+Head+of+AI+OR+CTO,The company name suggests a technology or product-oriented business. It is already licensed for the Skilled Worker route. It has a listed presence in London.,"Hi, I noticed Capital Administration Technology Ltd is a licensed sponsor. I’m a UK-based applied AI/software engineer with 3+ years in Python, FastAPI, React, and production AI systems. I’d value connecting and learning about relevant engineering openings at Capital Administration Technology Ltd."
CCL Technology Solutions Ltd,78,['Bellshill'],[],['Skilled Worker'],"['services', 'tech', 'technology']",https://www.linkedin.com/search/results/companies/?keywords=CCL+Technology+Solutions+Ltd,https://www.linkedin.com/jobs/search/?keywords=CCL+Technology+Solutions+Ltd+Generative+AI+Engineer+OR+Applied+AI+Engineer+OR+AI+Software+Engineer+OR+Backend+Engineer+OR+Python+Engineer+OR+Full+Stack+Engineer,https://www.linkedin.com/search/results/people/?keywords=CCL+Technology+Solutions+Ltd+Technical+Recruiter+OR+Engineering+Recruiter+OR+Talent+Acquisition+OR+Internal+Recruiter,https://www.linkedin.com/search/results/people/?keywords=CCL+Technology+Solutions+Ltd+Engineering+Manager+OR+Head+of+Engineering+OR+Head+of+AI+OR+CTO,The company name suggests a technology or product-oriented business. It is already licensed for the Skilled Worker route. It has a listed presence in Bellshill.,"Hi, I noticed CCL Technology Solutions Ltd is a licensed sponsor. I’m a UK-based applied AI/software engineer with 3+ years in Python, FastAPI, React, and production AI systems. I’d value connecting and learning about relevant engineering openings at CCL Technology Solutions Ltd."
CHAIN & CHAIN TECHNOLOGIES LIMITED LON,78,['DON'],['Worker ('],['Skilled Worker'],"['ai', 'tech']",https://www.linkedin.com/search/results/companies/?keywords=CHAIN+%26+CHAIN+TECHNOLOGIES+LIMITED+LON,https://www.linkedin.com/jobs/search/?keywords=CHAIN+%26+CHAIN+TECHNOLOGIES+LIMITED+LON+Generative+AI+Engineer+OR+Applied+AI+Engineer+OR+AI+Software+Engineer+OR+Backend+Engineer+OR+Python+Engineer+OR+Full+Stack+Engineer,https://www.linkedin.com/search/results/people/?keywords=CHAIN+%26+CHAIN+TECHNOLOGIES+LIMITED+LON+Technical+Recruiter+OR+Engineering+Recruiter+OR+Talent+Acquisition+OR+Internal+Recruiter,https://www.linkedin.com/search/results/people/?keywords=CHAIN+%26+CHAIN+TECHNOLOGIES+LIMITED+LON+Engineering+Manager+OR+Head+of+Engineering+OR+Head+of+AI+OR+CTO,The company name suggests a technology or product-oriented business. It is already licensed for the Skilled Worker route. It has a listed presence in DON.,"Hi, I noticed CHAIN & CHAIN TECHNOLOGIES LIMITED LON is a licensed sponsor. I’m a UK-based applied AI/software engineer with 3+ years in Python, FastAPI, React, and production AI systems. I’d value connecting and learning about relevant engineering openings at CHAIN & CHAIN TECHNOLOGIES LIMITED LON."
CHIARO TECHNOLOGY LTD,78,['LONDON'],[],['Skilled Worker'],"['tech', 'technology']",https://www.linkedin.com/search/results/companies/?keywords=CHIARO+TECHNOLOGY+LTD,https://www.linkedin.com/jobs/search/?keywords=CHIARO+TECHNOLOGY+LTD+Generative+AI+Engineer+OR+Applied+AI+Engineer+OR+AI+Software+Engineer+OR+Backend+Engineer+OR+Python+Engineer+OR+Full+Stack+Engineer,https://www.linkedin.com/search/results/people/?keywords=CHIARO+TECHNOLOGY+LTD+Technical+Recruiter+OR+Engineering+Recruiter+OR+Talent+Acquisition+OR+Internal+Recruiter,https://www.linkedin.com/search/results/people/?keywords=CHIARO+TECHNOLOGY+LTD+Engineering+Manager+OR+Head+of+Engineering+OR+Head+of+AI+OR+CTO,The company name suggests a technology or product-oriented business. It is already licensed for the Skilled Worker route. It has a listed presence in LONDON.,"Hi, I noticed CHIARO TECHNOLOGY LTD is a licensed sponsor. I’m a UK-based applied AI/software engineer with 3+ years in Python, FastAPI, React, and production AI systems. I’d value connecting and learning about relevant engineering openings at CHIARO TECHNOLOGY LTD."
CLAIMER TECH LTD Lon,78,['don'],['Worker'],['Skilled Worker'],"['ai', 'tech']",https://www.linkedin.com/search/results/companies/?keywords=CLAIMER+TECH+LTD+Lon,https://www.linkedin.com/jobs/search/?keywords=CLAIMER+TECH+LTD+Lon+Generative+AI+Engineer+OR+Applied+AI+Engineer+OR+AI+Software+Engineer+OR+Backend+Engineer+OR+Python+Engineer+OR+Full+Stack+Engineer,https://www.linkedin.com/search/results/people/?keywords=CLAIMER+TECH+LTD+Lon+Technical+Recruiter+OR+Engineering+Recruiter+OR+Talent+Acquisition+OR+Internal+Recruiter,https://www.linkedin.com/search/results/people/?keywords=CLAIMER+TECH+LTD+Lon+Engineering+Manager+OR+Head+of+Engineering+OR+Head+of+AI+OR+CTO,The company name suggests a technology or product-oriented business. It is already licensed for the Skilled Worker route. It has a listed presence in don.,"Hi, I noticed CLAIMER TECH LTD Lon is a licensed sponsor. I’m a UK-based applied AI/software engineer with 3+ years in Python, FastAPI, React, and production AI systems. I’d value connecting and learning about relevant engineering openings at CLAIMER TECH LTD Lon."
CLASS TECHNOLOGY SOLUTIONS LTD,78,['Horsham'],['West Sussex W'],"['Skilled Worker', 'lobal Business Mobility: Senior or Specialist Worker']","['services', 'tech', 'technology']",https://www.linkedin.com/search/results/companies/?keywords=CLASS+TECHNOLOGY+SOLUTIONS+LTD,https://www.linkedin.com/jobs/search/?keywords=CLASS+TECHNOLOGY+SOLUTIONS+LTD+Generative+AI+Engineer+OR+Applied+AI+Engineer+OR+AI+Software+Engineer+OR+Backend+Engineer+OR+Python+Engineer+OR+Full+Stack+Engineer,https://www.linkedin.com/search/results/people/?keywords=CLASS+TECHNOLOGY+SOLUTIONS+LTD+Technical+Recruiter+OR+Engineering+Recruiter+OR+Talent+Acquisition+OR+Internal+Recruiter,https://www.linkedin.com/search/results/people/?keywords=CLASS+TECHNOLOGY+SOLUTIONS+LTD+Engineering+Manager+OR+Head+of+Engineering+OR+Head+of+AI+OR+CTO,The company name suggests a technology or product-oriented business. It is already licensed for the Skilled Worker route. It has a listed presence in Horsham.,"Hi, I noticed CLASS TECHNOLOGY SOLUTIONS LTD is a licensed sponsor. I’m a UK-based applied AI/software engineer with 3+ years in Python, FastAPI, React, and production AI systems. I’d value connecting and learning about relevant engineering openings at CLASS TECHNOLOGY SOLUTIONS LTD."
Clientserver Technology Solutions Ltd,78,['Rugby'],['Worke'],['Skilled Worker'],"['services', 'tech', 'technology']",https://www.linkedin.com/search/results/companies/?keywords=Clientserver+Technology+Solutions+Ltd,https://www.linkedin.com/jobs/search/?keywords=Clientserver+Technology+Solutions+Ltd+Generative+AI+Engineer+OR+Applied+AI+Engineer+OR+AI+Software+Engineer+OR+Backend+Engineer+OR+Python+Engineer+OR+Full+Stack+Engineer,https://www.linkedin.com/search/results/people/?keywords=Clientserver+Technology+Solutions+Ltd+Technical+Recruiter+OR+Engineering+Recruiter+OR+Talent+Acquisition+OR+Internal+Recruiter,https://www.linkedin.com/search/results/people/?keywords=Clientserver+Technology+Solutions+Ltd+Engineering+Manager+OR+Head+of+Engineering+OR+Head+of+AI+OR+CTO,The company name suggests a technology or product-oriented business. It is already licensed for the Skilled Worker route. It has a listed presence in Rugby.,"Hi, I noticed Clientserver Technology Solutions Ltd is a licensed sponsor. I’m a UK-based applied AI/software engineer with 3+ years in Python, FastAPI, React, and production AI systems. I’d value connecting and learning about relevant engineering openings at Clientserver Technology Solutions Ltd."
COLOR STAR TECHNOLOGY UK LIMITED,78,['London'],['Worke'],['Skilled Worker'],"['tech', 'technology']",https://www.linkedin.com/search/results/companies/?keywords=COLOR+STAR+TECHNOLOGY+UK+LIMITED,https://www.linkedin.com/jobs/search/?keywords=COLOR+STAR+TECHNOLOGY+UK+LIMITED+Generative+AI+Engineer+OR+Applied+AI+Engineer+OR+AI+Software+Engineer+OR+Backend+Engineer+OR+Python+Engineer+OR+Full+Stack+Engineer,https://www.linkedin.com/search/results/people/?keywords=COLOR+STAR+TECHNOLOGY+UK+LIMITED+Technical+Recruiter+OR+Engineering+Recruiter+OR+Talent+Acquisition+OR+Internal+Recruiter,https://www.linkedin.com/search/results/people/?keywords=COLOR+STAR+TECHNOLOGY+UK+LIMITED+Engineering+Manager+OR+Head+of+Engineering+OR+Head+of+AI+OR+CTO,The company name suggests a technology or product-oriented business. It is already licensed for the Skilled Worker route. It has a listed presence in London.,"Hi, I noticed COLOR STAR TECHNOLOGY UK LIMITED is a licensed sponsor. I’m a UK-based applied AI/software engineer with 3+ years in Python, FastAPI, React, and production AI systems. I’d value connecting and learning about relevant engineering openings at COLOR STAR TECHNOLOGY UK LIMITED."
Contained Technologies UK Ltd,78,['Spalding'],['Lincolnshire Wor'],['Skilled Worker'],"['ai', 'tech']",https://www.linkedin.com/search/results/companies/?keywords=Contained+Technologies+UK+Ltd,https://www.linkedin.com/jobs/search/?keywords=Contained+Technologies+UK+Ltd+Generative+AI+Engineer+OR+Applied+AI+Engineer+OR+AI+Software+Engineer+OR+Backend+Engineer+OR+Python+Engineer+OR+Full+Stack+Engineer,https://www.linkedin.com/search/results/people/?keywords=Contained+Technologies+UK+Ltd+Technical+Recruiter+OR+Engineering+Recruiter+OR+Talent+Acquisition+OR+Internal+Recruiter,https://www.linkedin.com/search/results/people/?keywords=Contained+Technologies+UK+Ltd+Engineering+Manager+OR+Head+of+Engineering+OR+Head+of+AI+OR+CTO,The company name suggests a technology or product-oriented business. It is already licensed for the Skilled Worker route. It has a listed presence in Spalding.,"Hi, I noticed Contained Technologies UK Ltd is a licensed sponsor. I’m a UK-based applied AI/software engineer with 3+ years in Python, FastAPI, React, and production AI systems. I’d value connecting and learning about relevant engineering openings at Contained Technologies UK Ltd."
Covarius Technology Limited,78,['London'],['Work'],['Skilled Worker'],"['tech', 'technology']",https://www.linkedin.com/search/results/companies/?keywords=Covarius+Technology+Limited,https://www.linkedin.com/jobs/search/?keywords=Covarius+Technology+Limited+Generative+AI+Engineer+OR+Applied+AI+Engineer+OR+AI+Software+Engineer+OR+Backend+Engineer+OR+Python+Engineer+OR+Full+Stack+Engineer,https://www.linkedin.com/search/results/people/?keywords=Covarius+Technology+Limited+Technical+Recruiter+OR+Engineering+Recruiter+OR+Talent+Acquisition+OR+Internal+Recruiter,https://www.linkedin.com/search/results/people/?keywords=Covarius+Technology+Limited+Engineering+Manager+OR+Head+of+Engineering+OR+Head+of+AI+OR+CTO,The company name suggests a technology or product-oriented business. It is already licensed for the Skilled Worker route. It has a listed presence in London.,"Hi, I noticed Covarius Technology Limited is a licensed sponsor. I’m a UK-based applied AI/software engineer with 3+ years in Python, FastAPI, React, and production AI systems. I’d value connecting and learning about relevant engineering openings at Covarius Technology Limited."
Creation Technology Solutions Limited Lon,78,['don'],['Worker (A'],['Skilled Worker'],"['services', 'tech', 'technology']",https://www.linkedin.com/search/results/companies/?keywords=Creation+Technology+Solutions+Limited+Lon,https://www.linkedin.com/jobs/search/?keywords=Creation+Technology+Solutions+Limited+Lon+Generative+AI+Engineer+OR+Applied+AI+Engineer+OR+AI+Software+Engineer+OR+Backend+Engineer+OR+Python+Engineer+OR+Full+Stack+Engineer,https://www.linkedin.com/search/results/people/?keywords=Creation+Technology+Solutions+Limited+Lon+Technical+Recruiter+OR+Engineering+Recruiter+OR+Talent+Acquisition+OR+Internal+Recruiter,https://www.linkedin.com/search/results/people/?keywords=Creation+Technology+Solutions+Limited+Lon+Engineering+Manager+OR+Head+of+Engineering+OR+Head+of+AI+OR+CTO,The company name suggests a technology or product-oriented business. It is already licensed for the Skilled Worker route. It has a listed presence in don.,"Hi, I noticed Creation Technology Solutions Limited Lon is a licensed sponsor. I’m a UK-based applied AI/software engineer with 3+ years in Python, FastAPI, React, and production AI systems. I’d value connecting and learning about relevant engineering openings at Creation Technology Solutions Limite"
D2 Legal Technology Ltd,78,['London'],[],"['Global Business Mobility: Senior or Specialist Worker', 'Skilled Worker']","['tech', 'technology']",https://www.linkedin.com/search/results/companies/?keywords=D2+Legal+Technology+Ltd,https://www.linkedin.com/jobs/search/?keywords=D2+Legal+Technology+Ltd+Generative+AI+Engineer+OR+Applied+AI+Engineer+OR+AI+Software+Engineer+OR+Backend+Engineer+OR+Python+Engineer+OR+Full+Stack+Engineer,https://www.linkedin.com/search/results/people/?keywords=D2+Legal+Technology+Ltd+Technical+Recruiter+OR+Engineering+Recruiter+OR+Talent+Acquisition+OR+Internal+Recruiter,https://www.linkedin.com/search/results/people/?keywords=D2+Legal+Technology+Ltd+Engineering+Manager+OR+Head+of+Engineering+OR+Head+of+AI+OR+CTO,The company name suggests a technology or product-oriented business. It is already licensed for the Skilled Worker route. It has a listed presence in London.,"Hi, I noticed D2 Legal Technology Ltd is a licensed sponsor. I’m a UK-based applied AI/software engineer with 3+ years in Python, FastAPI, React, and production AI systems. I’d value connecting and learning about relevant engineering openings at D2 Legal Technology Ltd."
"Daido Metal Co., Ltd. European Technical Centre (UK)",78,['Ilminster'],['Somerset Work'],"['Skilled Worker', 'bal Business Mobility: Senior or Specialist Worker']","['ai', 'tech']",https://www.linkedin.com/search/results/companies/?keywords=Daido+Metal+Co.%2C+Ltd.+European+Technical+Centre+%28UK%29,https://www.linkedin.com/jobs/search/?keywords=Daido+Metal+Co.%2C+Ltd.+European+Technical+Centre+%28UK%29+Generative+AI+Engineer+OR+Applied+AI+Engineer+OR+AI+Software+Engineer+OR+Backend+Engineer+OR+Python+Engineer+OR+Full+Stack+Engineer,https://www.linkedin.com/search/results/people/?keywords=Daido+Metal+Co.%2C+Ltd.+European+Technical+Centre+%28UK%29+Technical+Recruiter+OR+Engineering+Recruiter+OR+Talent+Acquisition+OR+Internal+Recruiter,https://www.linkedin.com/search/results/people/?keywords=Daido+Metal+Co.%2C+Ltd.+European+Technical+Centre+%28UK%29+Engineering+Manager+OR+Head+of+Engineering+OR+Head+of+AI+OR+CTO,The company name suggests a technology or product-oriented business. It is already licensed for the Skilled Worker route. It has a listed presence in Ilminster.,"Hi, I noticed Daido Metal Co., Ltd. European Technical Centre (UK) is a licensed sponsor. I’m a UK-based applied AI/software engineer with 3+ years in Python, FastAPI, React, and production AI systems. I’d value connecting and learning about relevant engineering openings at Daido Metal Co., Ltd. Eur"
Dailoqa Solutions (UK) Limited,78,['London'],['Work'],['Skilled Worker'],"['ai', 'services', 'tech']",https://www.linkedin.com/search/results/companies/?keywords=Dailoqa+Solutions+%28UK%29+Limited,https://www.linkedin.com/jobs/search/?keywords=Dailoqa+Solutions+%28UK%29+Limited+Generative+AI+Engineer+OR+Applied+AI+Engineer+OR+AI+Software+Engineer+OR+Backend+Engineer+OR+Python+Engineer+OR+Full+Stack+Engineer,https://www.linkedin.com/search/results/people/?keywords=Dailoqa+Solutions+%28UK%29+Limited+Technical+Recruiter+OR+Engineering+Recruiter+OR+Talent+Acquisition+OR+Internal+Recruiter,https://www.linkedin.com/search/results/people/?keywords=Dailoqa+Solutions+%28UK%29+Limited+Engineering+Manager+OR+Head+of+Engineering+OR+Head+of+AI+OR+CTO,The company name suggests a technology or product-oriented business. It is already licensed for the Skilled Worker route. It has a listed presence in London.,"Hi, I noticed Dailoqa Solutions (UK) Limited is a licensed sponsor. I’m a UK-based applied AI/software engineer with 3+ years in Python, FastAPI, React, and production AI systems. I’d value connecting and learning about relevant engineering openings at Dailoqa Solutions (UK) Limited."
Daisymill Technologies Limited,78,['Salford'],['Work'],['Skilled Worker'],"['ai', 'tech']",https://www.linkedin.com/search/results/companies/?keywords=Daisymill+Technologies+Limited,https://www.linkedin.com/jobs/search/?keywords=Daisymill+Technologies+Limited+Generative+AI+Engineer+OR+Applied+AI+Engineer+OR+AI+Software+Engineer+OR+Backend+Engineer+OR+Python+Engineer+OR+Full+Stack+Engineer,https://www.linkedin.com/search/results/people/?keywords=Daisymill+Technologies+Limited+Technical+Recruiter+OR+Engineering+Recruiter+OR+Talent+Acquisition+OR+Internal+Recruiter,https://www.linkedin.com/search/results/people/?keywords=Daisymill+Technologies+Limited+Engineering+Manager+OR+Head+of+Engineering+OR+Head+of+AI+OR+CTO,The company name suggests a technology or product-oriented business. It is already licensed for the Skilled Worker route. It has a listed presence in Salford.,"Hi, I noticed Daisymill Technologies Limited is a licensed sponsor. I’m a UK-based applied AI/software engineer with 3+ years in Python, FastAPI, React, and production AI systems. I’d value connecting and learning about relevant engineering openings at Daisymill Technologies Limited."
Deltaclass Technology Solutions Limited Sl,78,['ough Be'],['rkshire Worker (A'],['Skilled Worker'],"['services', 'tech', 'technology']",https://www.linkedin.com/search/results/companies/?keywords=Deltaclass+Technology+Solutions+Limited+Sl,https://www.linkedin.com/jobs/search/?keywords=Deltaclass+Technology+Solutions+Limited+Sl+Generative+AI+Engineer+OR+Applied+AI+Engineer+OR+AI+Software+Engineer+OR+Backend+Engineer+OR+Python+Engineer+OR+Full+Stack+Engineer,https://www.linkedin.com/search/results/people/?keywords=Deltaclass+Technology+Solutions+Limited+Sl+Technical+Recruiter+OR+Engineering+Recruiter+OR+Talent+Acquisition+OR+Internal+Recruiter,https://www.linkedin.com/search/results/people/?keywords=Deltaclass+Technology+Solutions+Limited+Sl+Engineering+Manager+OR+Head+of+Engineering+OR+Head+of+AI+OR+CTO,The company name suggests a technology or product-oriented business. It is already licensed for the Skilled Worker route. It has a listed presence in ough Be.,"Hi, I noticed Deltaclass Technology Solutions Limited Sl is a licensed sponsor. I’m a UK-based applied AI/software engineer with 3+ years in Python, FastAPI, React, and production AI systems. I’d value connecting and learning about relevant engineering openings at Deltaclass Technology Solutions Lim"
Dragon y Technology Solutions Limited,78,['Kemble'],['Gloucestershire'],['Skilled Worker'],"['services', 'tech', 'technology']",https://www.linkedin.com/search/results/companies/?keywords=Dragon+y+Technology+Solutions+Limited,https://www.linkedin.com/jobs/search/?keywords=Dragon+y+Technology+Solutions+Limited+Generative+AI+Engineer+OR+Applied+AI+Engineer+OR+AI+Software+Engineer+OR+Backend+Engineer+OR+Python+Engineer+OR+Full+Stack+Engineer,https://www.linkedin.com/search/results/people/?keywords=Dragon+y+Technology+Solutions+Limited+Technical+Recruiter+OR+Engineering+Recruiter+OR+Talent+Acquisition+OR+Internal+Recruiter,https://www.linkedin.com/search/results/people/?keywords=Dragon+y+Technology+Solutions+Limited+Engineering+Manager+OR+Head+of+Engineering+OR+Head+of+AI+OR+CTO,The company name suggests a technology or product-oriented business. It is already licensed for the Skilled Worker route. It has a listed presence in Kemble.,"Hi, I noticed Dragon y Technology Solutions Limited is a licensed sponsor. I’m a UK-based applied AI/software engineer with 3+ years in Python, FastAPI, React, and production AI systems. I’d value connecting and learning about relevant engineering openings at Dragon y Technology Solutions Limited."
EJ Peak Technology Solutions Limited Daresbur,78,['y Cheshire'],['Worker (A rating'],['Skilled Worker'],"['services', 'tech', 'technology']",https://www.linkedin.com/search/results/companies/?keywords=EJ+Peak+Technology+Solutions+Limited+Daresbur,https://www.linkedin.com/jobs/search/?keywords=EJ+Peak+Technology+Solutions+Limited+Daresbur+Generative+AI+Engineer+OR+Applied+AI+Engineer+OR+AI+Software+Engineer+OR+Backend+Engineer+OR+Python+Engineer+OR+Full+Stack+Engineer,https://www.linkedin.com/search/results/people/?keywords=EJ+Peak+Technology+Solutions+Limited+Daresbur+Technical+Recruiter+OR+Engineering+Recruiter+OR+Talent+Acquisition+OR+Internal+Recruiter,https://www.linkedin.com/search/results/people/?keywords=EJ+Peak+Technology+Solutions+Limited+Daresbur+Engineering+Manager+OR+Head+of+Engineering+OR+Head+of+AI+OR+CTO,The company name suggests a technology or product-oriented business. It is already licensed for the Skilled Worker route. It has a listed presence in y Cheshire.,"Hi, I noticed EJ Peak Technology Solutions Limited Daresbur is a licensed sponsor. I’m a UK-based applied AI/software engineer with 3+ years in Python, FastAPI, React, and production AI systems. I’d value connecting and learning about relevant engineering openings at EJ Peak Technology Solutions Lim"
Ennovision Technology Solutions Limited Rickmansw,78,['orth'],['Worker (A rating'],['Skilled Worker'],"['services', 'tech', 'technology']",https://www.linkedin.com/search/results/companies/?keywords=Ennovision+Technology+Solutions+Limited+Rickmansw,https://www.linkedin.com/jobs/search/?keywords=Ennovision+Technology+Solutions+Limited+Rickmansw+Generative+AI+Engineer+OR+Applied+AI+Engineer+OR+AI+Software+Engineer+OR+Backend+Engineer+OR+Python+Engineer+OR+Full+Stack+Engineer,https://www.linkedin.com/search/results/people/?keywords=Ennovision+Technology+Solutions+Limited+Rickmansw+Technical+Recruiter+OR+Engineering+Recruiter+OR+Talent+Acquisition+OR+Internal+Recruiter,https://www.linkedin.com/search/results/people/?keywords=Ennovision+Technology+Solutions+Limited+Rickmansw+Engineering+Manager+OR+Head+of+Engineering+OR+Head+of+AI+OR+CTO,The company name suggests a technology or product-oriented business. It is already licensed for the Skilled Worker route. It has a listed presence in orth.,"Hi, I noticed Ennovision Technology Solutions Limited Rickmansw is a licensed sponsor. I’m a UK-based applied AI/software engineer with 3+ years in Python, FastAPI, React, and production AI systems. I’d value connecting and learning about relevant engineering openings at Ennovision Technology Soluti"
Entralon Technology Limited,78,['London'],[],['Skilled Worker'],"['tech', 'technology']",https://www.linkedin.com/search/results/companies/?keywords=Entralon+Technology+Limited,https://www.linkedin.com/jobs/search/?keywords=Entralon+Technology+Limited+Generative+AI+Engineer+OR+Applied+AI+Engineer+OR+AI+Software+Engineer+OR+Backend+Engineer+OR+Python+Engineer+OR+Full+Stack+Engineer,https://www.linkedin.com/search/results/people/?keywords=Entralon+Technology+Limited+Technical+Recruiter+OR+Engineering+Recruiter+OR+Talent+Acquisition+OR+Internal+Recruiter,https://www.linkedin.com/search/results/people/?keywords=Entralon+Technology+Limited+Engineering+Manager+OR+Head+of+Engineering+OR+Head+of+AI+OR+CTO,The company name suggests a technology or product-oriented business. It is already licensed for the Skilled Worker route. It has a listed presence in London.,"Hi, I noticed Entralon Technology Limited is a licensed sponsor. I’m a UK-based applied AI/software engineer with 3+ years in Python, FastAPI, React, and production AI systems. I’d value connecting and learning about relevant engineering openings at Entralon Technology Limited."
Etech Repair Limited T/A Cotswold Phones,78,['Tewkesbury'],['Worker'],['Skilled Worker'],"['ai', 'tech']",https://www.linkedin.com/search/results/companies/?keywords=Etech+Repair+Limited+T%2FA+Cotswold+Phones,https://www.linkedin.com/jobs/search/?keywords=Etech+Repair+Limited+T%2FA+Cotswold+Phones+Generative+AI+Engineer+OR+Applied+AI+Engineer+OR+AI+Software+Engineer+OR+Backend+Engineer+OR+Python+Engineer+OR+Full+Stack+Engineer,https://www.linkedin.com/search/results/people/?keywords=Etech+Repair+Limited+T%2FA+Cotswold+Phones+Technical+Recruiter+OR+Engineering+Recruiter+OR+Talent+Acquisition+OR+Internal+Recruiter,https://www.linkedin.com/search/results/people/?keywords=Etech+Repair+Limited+T%2FA+Cotswold+Phones+Engineering+Manager+OR+Head+of+Engineering+OR+Head+of+AI+OR+CTO,The company name suggests a technology or product-oriented business. It is already licensed for the Skilled Worker route. It has a listed presence in Tewkesbury.,"Hi, I noticed Etech Repair Limited T/A Cotswold Phones is a licensed sponsor. I’m a UK-based applied AI/software engineer with 3+ years in Python, FastAPI, React, and production AI systems. I’d value connecting and learning about relevant engineering openings at Etech Repair Limited T/A Cotswold Pho"
Expleo Technology UK Limited,78,['London'],[],"['Global Business Mobility: Senior or Specialist Worker', 'Skilled Worker']","['tech', 'technology']",https://www.linkedin.com/search/results/companies/?keywords=Expleo+Technology+UK+Limited,https://www.linkedin.com/jobs/search/?keywords=Expleo+Technology+UK+Limited+Generative+AI+Engineer+OR+Applied+AI+Engineer+OR+AI+Software+Engineer+OR+Backend+Engineer+OR+Python+Engineer+OR+Full+Stack+Engineer,https://www.linkedin.com/search/results/people/?keywords=Expleo+Technology+UK+Limited+Technical+Recruiter+OR+Engineering+Recruiter+OR+Talent+Acquisition+OR+Internal+Recruiter,https://www.linkedin.com/search/results/people/?keywords=Expleo+Technology+UK+Limited+Engineering+Manager+OR+Head+of+Engineering+OR+Head+of+AI+OR+CTO,The company name suggests a technology or product-oriented business. It is already licensed for the Skilled Worker route. It has a listed presence in London.,"Hi, I noticed Expleo Technology UK Limited is a licensed sponsor. I’m a UK-based applied AI/software engineer with 3+ years in Python, FastAPI, React, and production AI systems. I’d value connecting and learning about relevant engineering openings at Expleo Technology UK Limited."
ffi ffi Fusion Health Technology Solutions UK Ltd London,78,[],['Worker (A'],['Skilled Worker'],"['services', 'tech', 'technology']",https://www.linkedin.com/search/results/companies/?keywords=ffi+ffi+Fusion+Health+Technology+Solutions+UK+Ltd+London,https://www.linkedin.com/jobs/search/?keywords=ffi+ffi+Fusion+Health+Technology+Solutions+UK+Ltd+London+Generative+AI+Engineer+OR+Applied+AI+Engineer+OR+AI+Software+Engineer+OR+Backend+Engineer+OR+Python+Engineer+OR+Full+Stack+Engineer,https://www.linkedin.com/search/results/people/?keywords=ffi+ffi+Fusion+Health+Technology+Solutions+UK+Ltd+London+Technical+Recruiter+OR+Engineering+Recruiter+OR+Talent+Acquisition+OR+Internal+Recruiter,https://www.linkedin.com/search/results/people/?keywords=ffi+ffi+Fusion+Health+Technology+Solutions+UK+Ltd+London+Engineering+Manager+OR+Head+of+Engineering+OR+Head+of+AI+OR+CTO,The company name suggests a technology or product-oriented business. It is already licensed for the Skilled Worker route.,"Hi, I noticed ffi ffi Fusion Health Technology Solutions UK Ltd London is a licensed sponsor. I’m a UK-based applied AI/software engineer with 3+ years in Python, FastAPI, React, and production AI systems. I’d value connecting and learning about relevant engineering openings at ffi ffi Fusion Health"
Fifty Technology Limited,78,['London'],['Worke'],['Skilled Worker'],"['tech', 'technology']",https://www.linkedin.com/search/results/companies/?keywords=Fifty+Technology+Limited,https://www.linkedin.com/jobs/search/?keywords=Fifty+Technology+Limited+Generative+AI+Engineer+OR+Applied+AI+Engineer+OR+AI+Software+Engineer+OR+Backend+Engineer+OR+Python+Engineer+OR+Full+Stack+Engineer,https://www.linkedin.com/search/results/people/?keywords=Fifty+Technology+Limited+Technical+Recruiter+OR+Engineering+Recruiter+OR+Talent+Acquisition+OR+Internal+Recruiter,https://www.linkedin.com/search/results/people/?keywords=Fifty+Technology+Limited+Engineering+Manager+OR+Head+of+Engineering+OR+Head+of+AI+OR+CTO,The company name suggests a technology or product-oriented business. It is already licensed for the Skilled Worker route. It has a listed presence in London.,"Hi, I noticed Fifty Technology Limited is a licensed sponsor. I’m a UK-based applied AI/software engineer with 3+ years in Python, FastAPI, React, and production AI systems. I’d value connecting and learning about relevant engineering openings at Fifty Technology Limited."
Finbourne Technology Limited,78,['London'],[],['Skilled Worker'],"['tech', 'technology']",https://www.linkedin.com/search/results/companies/?keywords=Finbourne+Technology+Limited,https://www.linkedin.com/jobs/search/?keywords=Finbourne+Technology+Limited+Generative+AI+Engineer+OR+Applied+AI+Engineer+OR+AI+Software+Engineer+OR+Backend+Engineer+OR+Python+Engineer+OR+Full+Stack+Engineer,https://www.linkedin.com/search/results/people/?keywords=Finbourne+Technology+Limited+Technical+Recruiter+OR+Engineering+Recruiter+OR+Talent+Acquisition+OR+Internal+Recruiter,https://www.linkedin.com/search/results/people/?keywords=Finbourne+Technology+Limited+Engineering+Manager+OR+Head+of+Engineering+OR+Head+of+AI+OR+CTO,The company name suggests a technology or product-oriented business. It is already licensed for the Skilled Worker route. It has a listed presence in London.,"Hi, I noticed Finbourne Technology Limited is a licensed sponsor. I’m a UK-based applied AI/software engineer with 3+ years in Python, FastAPI, React, and production AI systems. I’d value connecting and learning about relevant engineering openings at Finbourne Technology Limited."
Finspire Technology Ltd,78,['London'],['Worker (A rating)'],['Skilled Worker'],"['tech', 'technology']",https://www.linkedin.com/search/results/companies/?keywords=Finspire+Technology+Ltd+London,https://www.linkedin.com/jobs/search/?keywords=Finspire+Technology+Ltd+Generative+AI+Engineer+OR+Applied+AI+Engineer+OR+AI+Software+Engineer+OR+Backend+Engineer+OR+Python+Engineer+OR+Full+Stack+Engineer,https://www.linkedin.com/search/results/people/?keywords=Finspire+Technology+Ltd+Technical+Recruiter+OR+Engineering+Recruiter+OR+Talent+Acquisition+OR+Internal+Recruiter,https://www.linkedin.com/search/results/people/?keywords=Finspire+Technology+Ltd+Engineering+Manager+OR+Head+of+Engineering+OR+Head+of+AI+OR+CTO,The company name suggests a technology or product-oriented business. It is already licensed for the Skilled Worker route. It has a listed presence in London.,"Hi, I noticed Finspire Technology Ltd is a licensed sponsor. I’m a UK-based applied AI/software engineer with 3+ years in Python, FastAPI, React, and production AI systems. I’d value connecting and learning about relevant engineering openings at Finspire Technology Ltd."
Flexible Technology Solutions UK Ltd Beacons eld,78,['Buckinghamshi'],['re Worker (A rating'],['Skilled Worker'],"['services', 'tech', 'technology']",https://www.linkedin.com/search/results/companies/?keywords=Flexible+Technology+Solutions+UK+Ltd+Beacons+eld,https://www.linkedin.com/jobs/search/?keywords=Flexible+Technology+Solutions+UK+Ltd+Beacons+eld+Generative+AI+Engineer+OR+Applied+AI+Engineer+OR+AI+Software+Engineer+OR+Backend+Engineer+OR+Python+Engineer+OR+Full+Stack+Engineer,https://www.linkedin.com/search/results/people/?keywords=Flexible+Technology+Solutions+UK+Ltd+Beacons+eld+Technical+Recruiter+OR+Engineering+Recruiter+OR+Talent+Acquisition+OR+Internal+Recruiter,https://www.linkedin.com/search/results/people/?keywords=Flexible+Technology+Solutions+UK+Ltd+Beacons+eld+Engineering+Manager+OR+Head+of+Engineering+OR+Head+of+AI+OR+CTO,The company name suggests a technology or product-oriented business. It is already licensed for the Skilled Worker route. It has a listed presence in Buckinghamshi.,"Hi, I noticed Flexible Technology Solutions UK Ltd Beacons eld is a licensed sponsor. I’m a UK-based applied AI/software engineer with 3+ years in Python, FastAPI, React, and production AI systems. I’d value connecting and learning about relevant engineering openings at Flexible Technology Solutions"
Form3 Technology Limited,78,['London'],[],['Skilled Worker'],"['tech', 'technology']",https://www.linkedin.com/search/results/companies/?keywords=Form3+Technology+Limited,https://www.linkedin.com/jobs/search/?keywords=Form3+Technology+Limited+Generative+AI+Engineer+OR+Applied+AI+Engineer+OR+AI+Software+Engineer+OR+Backend+Engineer+OR+Python+Engineer+OR+Full+Stack+Engineer,https://www.linkedin.com/search/results/people/?keywords=Form3+Technology+Limited+Technical+Recruiter+OR+Engineering+Recruiter+OR+Talent+Acquisition+OR+Internal+Recruiter,https://www.linkedin.com/search/results/people/?keywords=Form3+Technology+Limited+Engineering+Manager+OR+Head+of+Engineering+OR+Head+of+AI+OR+CTO,The company name suggests a technology or product-oriented business. It is already licensed for the Skilled Worker route. It has a listed presence in London.,"Hi, I noticed Form3 Technology Limited is a licensed sponsor. I’m a UK-based applied AI/software engineer with 3+ years in Python, FastAPI, React, and production AI systems. I’d value connecting and learning about relevant engineering openings at Form3 Technology Limited."
FREYA BIOTECHNOLOGY INTERNATIONAL LIMITED,78,['London'],['Work'],['Skilled Worker'],"['tech', 'technology']",https://www.linkedin.com/search/results/companies/?keywords=FREYA+BIOTECHNOLOGY+INTERNATIONAL+LIMITED,https://www.linkedin.com/jobs/search/?keywords=FREYA+BIOTECHNOLOGY+INTERNATIONAL+LIMITED+Generative+AI+Engineer+OR+Applied+AI+Engineer+OR+AI+Software+Engineer+OR+Backend+Engineer+OR+Python+Engineer+OR+Full+Stack+Engineer,https://www.linkedin.com/search/results/people/?keywords=FREYA+BIOTECHNOLOGY+INTERNATIONAL+LIMITED+Technical+Recruiter+OR+Engineering+Recruiter+OR+Talent+Acquisition+OR+Internal+Recruiter,https://www.linkedin.com/search/results/people/?keywords=FREYA+BIOTECHNOLOGY+INTERNATIONAL+LIMITED+Engineering+Manager+OR+Head+of+Engineering+OR+Head+of+AI+OR+CTO,The company name suggests a technology or product-oriented business. It is already licensed for the Skilled Worker route. It has a listed presence in London.,"Hi, I noticed FREYA BIOTECHNOLOGY INTERNATIONAL LIMITED is a licensed sponsor. I’m a UK-based applied AI/software engineer with 3+ years in Python, FastAPI, React, and production AI systems. I’d value connecting and learning about relevant engineering openings at FREYA BIOTECHNOLOGY INTERNATIONAL LI"
FusionAIx Technologies Limited London,78,['Gre'],['ater London Worker (A'],"['Skilled Worker', 'obility: Senior or Specialist Worker']","['ai', 'tech']",https://www.linkedin.com/search/results/companies/?keywords=FusionAIx+Technologies+Limited+London,https://www.linkedin.com/jobs/search/?keywords=FusionAIx+Technologies+Limited+London+Generative+AI+Engineer+OR+Applied+AI+Engineer+OR+AI+Software+Engineer+OR+Backend+Engineer+OR+Python+Engineer+OR+Full+Stack+Engineer,https://www.linkedin.com/search/results/people/?keywords=FusionAIx+Technologies+Limited+London+Technical+Recruiter+OR+Engineering+Recruiter+OR+Talent+Acquisition+OR+Internal+Recruiter,https://www.linkedin.com/search/results/people/?keywords=FusionAIx+Technologies+Limited+London+Engineering+Manager+OR+Head+of+Engineering+OR+Head+of+AI+OR+CTO,The company name suggests a technology or product-oriented business. It is already licensed for the Skilled Worker route. It has a listed presence in Gre.,"Hi, I noticed FusionAIx Technologies Limited London is a licensed sponsor. I’m a UK-based applied AI/software engineer with 3+ years in Python, FastAPI, React, and production AI systems. I’d value connecting and learning about relevant engineering openings at FusionAIx Technologies Limited London."
Futuristic Technology Limited,78,['London'],[],['Skilled Worker'],"['tech', 'technology']",https://www.linkedin.com/search/results/companies/?keywords=Futuristic+Technology+Limited,https://www.linkedin.com/jobs/search/?keywords=Futuristic+Technology+Limited+Generative+AI+Engineer+OR+Applied+AI+Engineer+OR+AI+Software+Engineer+OR+Backend+Engineer+OR+Python+Engineer+OR+Full+Stack+Engineer,https://www.linkedin.com/search/results/people/?keywords=Futuristic+Technology+Limited+Technical+Recruiter+OR+Engineering+Recruiter+OR+Talent+Acquisition+OR+Internal+Recruiter,https://www.linkedin.com/search/results/people/?keywords=Futuristic+Technology+Limited+Engineering+Manager+OR+Head+of+Engineering+OR+Head+of+AI+OR+CTO,The company name suggests a technology or product-oriented business. It is already licensed for the Skilled Worker route. It has a listed presence in London.,"Hi, I noticed Futuristic Technology Limited is a licensed sponsor. I’m a UK-based applied AI/software engineer with 3+ years in Python, FastAPI, React, and production AI systems. I’d value connecting and learning about relevant engineering openings at Futuristic Technology Limited."
Gameplan Technology Limited,78,['London'],[],['Skilled Worker'],"['tech', 'technology']",https://www.linkedin.com/search/results/companies/?keywords=Gameplan+Technology+Limited,https://www.linkedin.com/jobs/search/?keywords=Gameplan+Technology+Limited+Generative+AI+Engineer+OR+Applied+AI+Engineer+OR+AI+Software+Engineer+OR+Backend+Engineer+OR+Python+Engineer+OR+Full+Stack+Engineer,https://www.linkedin.com/search/results/people/?keywords=Gameplan+Technology+Limited+Technical+Recruiter+OR+Engineering+Recruiter+OR+Talent+Acquisition+OR+Internal+Recruiter,https://www.linkedin.com/search/results/people/?keywords=Gameplan+Technology+Limited+Engineering+Manager+OR+Head+of+Engineering+OR+Head+of+AI+OR+CTO,The company name suggests a technology or product-oriented business. It is already licensed for the Skilled Worker route. It has a listed presence in London.,"Hi, I noticed Gameplan Technology Limited is a licensed sponsor. I’m a UK-based applied AI/software engineer with 3+ years in Python, FastAPI, React, and production AI systems. I’d value connecting and learning about relevant engineering openings at Gameplan Technology Limited."
Gaming Technology Solutions Ltd (Trading as GTS Ltd),78,['London'],[],"['Global Business Mobility: Senior or Specialist Worker', 'Skilled Worker']","['services', 'tech', 'technology']",https://www.linkedin.com/search/results/companies/?keywords=Gaming+Technology+Solutions+Ltd+%28Trading+as+GTS+Ltd%29,https://www.linkedin.com/jobs/search/?keywords=Gaming+Technology+Solutions+Ltd+%28Trading+as+GTS+Ltd%29+Generative+AI+Engineer+OR+Applied+AI+Engineer+OR+AI+Software+Engineer+OR+Backend+Engineer+OR+Python+Engineer+OR+Full+Stack+Engineer,https://www.linkedin.com/search/results/people/?keywords=Gaming+Technology+Solutions+Ltd+%28Trading+as+GTS+Ltd%29+Technical+Recruiter+OR+Engineering+Recruiter+OR+Talent+Acquisition+OR+Internal+Recruiter,https://www.linkedin.com/search/results/people/?keywords=Gaming+Technology+Solutions+Ltd+%28Trading+as+GTS+Ltd%29+Engineering+Manager+OR+Head+of+Engineering+OR+Head+of+AI+OR+CTO,The company name suggests a technology or product-oriented business. It is already licensed for the Skilled Worker route. It has a listed presence in London.,"Hi, I noticed Gaming Technology Solutions Ltd (Trading as GTS Ltd) is a licensed sponsor. I’m a UK-based applied AI/software engineer with 3+ years in Python, FastAPI, React, and production AI systems. I’d value connecting and learning about relevant engineering openings at Gaming Technology Solutio"
Generis Enterprise Technology Limited,78,['London'],[],['Skilled Worker'],"['tech', 'technology']",https://www.linkedin.com/search/results/companies/?keywords=Generis+Enterprise+Technology+Limited,https://www.linkedin.com/jobs/search/?keywords=Generis+Enterprise+Technology+Limited+Generative+AI+Engineer+OR+Applied+AI+Engineer+OR+AI+Software+Engineer+OR+Backend+Engineer+OR+Python+Engineer+OR+Full+Stack+Engineer,https://www.linkedin.com/search/results/people/?keywords=Generis+Enterprise+Technology+Limited+Technical+Recruiter+OR+Engineering+Recruiter+OR+Talent+Acquisition+OR+Internal+Recruiter,https://www.linkedin.com/search/results/people/?keywords=Generis+Enterprise+Technology+Limited+Engineering+Manager+OR+Head+of+Engineering+OR+Head+of+AI+OR+CTO,The company name suggests a technology or product-oriented business. It is already licensed for the Skilled Worker route. It has a listed presence in London.,"Hi, I noticed Generis Enterprise Technology Limited is a licensed sponsor. I’m a UK-based applied AI/software engineer with 3+ years in Python, FastAPI, React, and production AI systems. I’d value connecting and learning about relevant engineering openings at Generis Enterprise Technology Limited."
GO FIT LIFE SCIENCE AND TECHNOLOGY UK LIMITED L,78,['ONDON'],[],['Skilled Worker'],"['tech', 'technology']",https://www.linkedin.com/search/results/companies/?keywords=GO+FIT+LIFE+SCIENCE+AND+TECHNOLOGY+UK+LIMITED+L,https://www.linkedin.com/jobs/search/?keywords=GO+FIT+LIFE+SCIENCE+AND+TECHNOLOGY+UK+LIMITED+L+Generative+AI+Engineer+OR+Applied+AI+Engineer+OR+AI+Software+Engineer+OR+Backend+Engineer+OR+Python+Engineer+OR+Full+Stack+Engineer,https://www.linkedin.com/search/results/people/?keywords=GO+FIT+LIFE+SCIENCE+AND+TECHNOLOGY+UK+LIMITED+L+Technical+Recruiter+OR+Engineering+Recruiter+OR+Talent+Acquisition+OR+Internal+Recruiter,https://www.linkedin.com/search/results/people/?keywords=GO+FIT+LIFE+SCIENCE+AND+TECHNOLOGY+UK+LIMITED+L+Engineering+Manager+OR+Head+of+Engineering+OR+Head+of+AI+OR+CTO,The company name suggests a technology or product-oriented business. It is already licensed for the Skilled Worker route. It has a listed presence in ONDON.,"Hi, I noticed GO FIT LIFE SCIENCE AND TECHNOLOGY UK LIMITED L is a licensed sponsor. I’m a UK-based applied AI/software engineer with 3+ years in Python, FastAPI, React, and production AI systems. I’d value connecting and learning about relevant engineering openings at GO FIT LIFE SCIENCE AND TECHNO"
Great IT Co Ltd / TA Cirrus Technology Solutions Che,78,['ster C'],['heshire Worker'],['Skilled Worker'],"['services', 'tech', 'technology']",https://www.linkedin.com/search/results/companies/?keywords=Great+IT+Co+Ltd+%2F+TA+Cirrus+Technology+Solutions+Che,https://www.linkedin.com/jobs/search/?keywords=Great+IT+Co+Ltd+%2F+TA+Cirrus+Technology+Solutions+Che+Generative+AI+Engineer+OR+Applied+AI+Engineer+OR+AI+Software+Engineer+OR+Backend+Engineer+OR+Python+Engineer+OR+Full+Stack+Engineer,https://www.linkedin.com/search/results/people/?keywords=Great+IT+Co+Ltd+%2F+TA+Cirrus+Technology+Solutions+Che+Technical+Recruiter+OR+Engineering+Recruiter+OR+Talent+Acquisition+OR+Internal+Recruiter,https://www.linkedin.com/search/results/people/?keywords=Great+IT+Co+Ltd+%2F+TA+Cirrus+Technology+Solutions+Che+Engineering+Manager+OR+Head+of+Engineering+OR+Head+of+AI+OR+CTO,The company name suggests a technology or product-oriented business. It is already licensed for the Skilled Worker route. It has a listed presence in ster C.,"Hi, I noticed Great IT Co Ltd / TA Cirrus Technology Solutions Che is a licensed sponsor. I’m a UK-based applied AI/software engineer with 3+ years in Python, FastAPI, React, and production AI systems. I’d value connecting and learning about relevant engineering openings at Great IT Co Ltd / TA Cirr"
GRP UNITED LTD T/A TECH REPAIRS EPSOM EPSOM,78,[],['Worker (A ratin'],['Skilled Worker'],"['ai', 'tech']",https://www.linkedin.com/search/results/companies/?keywords=GRP+UNITED+LTD+T%2FA+TECH+REPAIRS+EPSOM+EPSOM,https://www.linkedin.com/jobs/search/?keywords=GRP+UNITED+LTD+T%2FA+TECH+REPAIRS+EPSOM+EPSOM+Generative+AI+Engineer+OR+Applied+AI+Engineer+OR+AI+Software+Engineer+OR+Backend+Engineer+OR+Python+Engineer+OR+Full+Stack+Engineer,https://www.linkedin.com/search/results/people/?keywords=GRP+UNITED+LTD+T%2FA+TECH+REPAIRS+EPSOM+EPSOM+Technical+Recruiter+OR+Engineering+Recruiter+OR+Talent+Acquisition+OR+Internal+Recruiter,https://www.linkedin.com/search/results/people/?keywords=GRP+UNITED+LTD+T%2FA+TECH+REPAIRS+EPSOM+EPSOM+Engineering+Manager+OR+Head+of+Engineering+OR+Head+of+AI+OR+CTO,The company name suggests a technology or product-oriented business. It is already licensed for the Skilled Worker route.,"Hi, I noticed GRP UNITED LTD T/A TECH REPAIRS EPSOM EPSOM is a licensed sponsor. I’m a UK-based applied AI/software engineer with 3+ years in Python, FastAPI, React, and production AI systems. I’d value connecting and learning about relevant engineering openings at GRP UNITED LTD T/A TECH REPAIRS EP"
Hampton Tech Repair Limited,78,['Hampton Hill'],['Worker'],['Skilled Worker'],"['ai', 'tech']",https://www.linkedin.com/search/results/companies/?keywords=Hampton+Tech+Repair+Limited,https://www.linkedin.com/jobs/search/?keywords=Hampton+Tech+Repair+Limited+Generative+AI+Engineer+OR+Applied+AI+Engineer+OR+AI+Software+Engineer+OR+Backend+Engineer+OR+Python+Engineer+OR+Full+Stack+Engineer,https://www.linkedin.com/search/results/people/?keywords=Hampton+Tech+Repair+Limited+Technical+Recruiter+OR+Engineering+Recruiter+OR+Talent+Acquisition+OR+Internal+Recruiter,https://www.linkedin.com/search/results/people/?keywords=Hampton+Tech+Repair+Limited+Engineering+Manager+OR+Head+of+Engineering+OR+Head+of+AI+OR+CTO,The company name suggests a technology or product-oriented business. It is already licensed for the Skilled Worker route. It has a listed presence in Hampton Hill.,"Hi, I noticed Hampton Tech Repair Limited is a licensed sponsor. I’m a UK-based applied AI/software engineer with 3+ years in Python, FastAPI, React, and production AI systems. I’d value connecting and learning about relevant engineering openings at Hampton Tech Repair Limited."
Haulmont Technology Limited,78,['London'],[],['Skilled Worker'],"['tech', 'technology']",https://www.linkedin.com/search/results/companies/?keywords=Haulmont+Technology+Limited,https://www.linkedin.com/jobs/search/?keywords=Haulmont+Technology+Limited+Generative+AI+Engineer+OR+Applied+AI+Engineer+OR+AI+Software+Engineer+OR+Backend+Engineer+OR+Python+Engineer+OR+Full+Stack+Engineer,https://www.linkedin.com/search/results/people/?keywords=Haulmont+Technology+Limited+Technical+Recruiter+OR+Engineering+Recruiter+OR+Talent+Acquisition+OR+Internal+Recruiter,https://www.linkedin.com/search/results/people/?keywords=Haulmont+Technology+Limited+Engineering+Manager+OR+Head+of+Engineering+OR+Head+of+AI+OR+CTO,The company name suggests a technology or product-oriented business. It is already licensed for the Skilled Worker route. It has a listed presence in London.,"Hi, I noticed Haulmont Technology Limited is a licensed sponsor. I’m a UK-based applied AI/software engineer with 3+ years in Python, FastAPI, React, and production AI systems. I’d value connecting and learning about relevant engineering openings at Haulmont Technology Limited."
Heroes Technology Ltd,78,['London'],[],['Skilled Worker'],"['tech', 'technology']",https://www.linkedin.com/search/results/companies/?keywords=Heroes+Technology+Ltd,https://www.linkedin.com/jobs/search/?keywords=Heroes+Technology+Ltd+Generative+AI+Engineer+OR+Applied+AI+Engineer+OR+AI+Software+Engineer+OR+Backend+Engineer+OR+Python+Engineer+OR+Full+Stack+Engineer,https://www.linkedin.com/search/results/people/?keywords=Heroes+Technology+Ltd+Technical+Recruiter+OR+Engineering+Recruiter+OR+Talent+Acquisition+OR+Internal+Recruiter,https://www.linkedin.com/search/results/people/?keywords=Heroes+Technology+Ltd+Engineering+Manager+OR+Head+of+Engineering+OR+Head+of+AI+OR+CTO,The company name suggests a technology or product-oriented business. It is already licensed for the Skilled Worker route. It has a listed presence in London.,"Hi, I noticed Heroes Technology Ltd is a licensed sponsor. I’m a UK-based applied AI/software engineer with 3+ years in Python, FastAPI, React, and production AI systems. I’d value connecting and learning about relevant engineering openings at Heroes Technology Ltd."
HUP TECHNOLOGY LIMITED,78,['London'],['Worker'],['Skilled Worker'],"['tech', 'technology']",https://www.linkedin.com/search/results/companies/?keywords=HUP+TECHNOLOGY+LIMITED,https://www.linkedin.com/jobs/search/?keywords=HUP+TECHNOLOGY+LIMITED+Generative+AI+Engineer+OR+Applied+AI+Engineer+OR+AI+Software+Engineer+OR+Backend+Engineer+OR+Python+Engineer+OR+Full+Stack+Engineer,https://www.linkedin.com/search/results/people/?keywords=HUP+TECHNOLOGY+LIMITED+Technical+Recruiter+OR+Engineering+Recruiter+OR+Talent+Acquisition+OR+Internal+Recruiter,https://www.linkedin.com/search/results/people/?keywords=HUP+TECHNOLOGY+LIMITED+Engineering+Manager+OR+Head+of+Engineering+OR+Head+of+AI+OR+CTO,The company name suggests a technology or product-oriented business. It is already licensed for the Skilled Worker route. It has a listed presence in London.,"Hi, I noticed HUP TECHNOLOGY LIMITED is a licensed sponsor. I’m a UK-based applied AI/software engineer with 3+ years in Python, FastAPI, React, and production AI systems. I’d value connecting and learning about relevant engineering openings at HUP TECHNOLOGY LIMITED."
I -Exceed Technology Solutions Limited,78,['Halesowen'],['Work'],"['Skilled Worker', 'bal Business Mobility: Senior or Specialist Worker']","['services', 'tech', 'technology']",https://www.linkedin.com/search/results/companies/?keywords=I+-Exceed+Technology+Solutions+Limited,https://www.linkedin.com/jobs/search/?keywords=I+-Exceed+Technology+Solutions+Limited+Generative+AI+Engineer+OR+Applied+AI+Engineer+OR+AI+Software+Engineer+OR+Backend+Engineer+OR+Python+Engineer+OR+Full+Stack+Engineer,https://www.linkedin.com/search/results/people/?keywords=I+-Exceed+Technology+Solutions+Limited+Technical+Recruiter+OR+Engineering+Recruiter+OR+Talent+Acquisition+OR+Internal+Recruiter,https://www.linkedin.com/search/results/people/?keywords=I+-Exceed+Technology+Solutions+Limited+Engineering+Manager+OR+Head+of+Engineering+OR+Head+of+AI+OR+CTO,The company name suggests a technology or product-oriented business. It is already licensed for the Skilled Worker route. It has a listed presence in Halesowen.,"Hi, I noticed I -Exceed Technology Solutions Limited is a licensed sponsor. I’m a UK-based applied AI/software engineer with 3+ years in Python, FastAPI, React, and production AI systems. I’d value connecting and learning about relevant engineering openings at I -Exceed Technology Solutions Limited."
I Solution Technology Ltd,78,['London'],['Work'],['Skilled Worker'],"['tech', 'technology']",https://www.linkedin.com/search/results/companies/?keywords=I+Solution+Technology+Ltd,https://www.linkedin.com/jobs/search/?keywords=I+Solution+Technology+Ltd+Generative+AI+Engineer+OR+Applied+AI+Engineer+OR+AI+Software+Engineer+OR+Backend+Engineer+OR+Python+Engineer+OR+Full+Stack+Engineer,https://www.linkedin.com/search/results/people/?keywords=I+Solution+Technology+Ltd+Technical+Recruiter+OR+Engineering+Recruiter+OR+Talent+Acquisition+OR+Internal+Recruiter,https://www.linkedin.com/search/results/people/?keywords=I+Solution+Technology+Ltd+Engineering+Manager+OR+Head+of+Engineering+OR+Head+of+AI+OR+CTO,The company name suggests a technology or product-oriented business. It is already licensed for the Skilled Worker route. It has a listed presence in London.,"Hi, I noticed I Solution Technology Ltd is a licensed sponsor. I’m a UK-based applied AI/software engineer with 3+ years in Python, FastAPI, React, and production AI systems. I’d value connecting and learning about relevant engineering openings at I Solution Technology Ltd."
In nity Technology Solutions Tunbridge,78,['Wells'],['Worker (A rati'],['Skilled Worker'],"['services', 'tech', 'technology']",https://www.linkedin.com/search/results/companies/?keywords=In+nity+Technology+Solutions+Tunbridge,https://www.linkedin.com/jobs/search/?keywords=In+nity+Technology+Solutions+Tunbridge+Generative+AI+Engineer+OR+Applied+AI+Engineer+OR+AI+Software+Engineer+OR+Backend+Engineer+OR+Python+Engineer+OR+Full+Stack+Engineer,https://www.linkedin.com/search/results/people/?keywords=In+nity+Technology+Solutions+Tunbridge+Technical+Recruiter+OR+Engineering+Recruiter+OR+Talent+Acquisition+OR+Internal+Recruiter,https://www.linkedin.com/search/results/people/?keywords=In+nity+Technology+Solutions+Tunbridge+Engineering+Manager+OR+Head+of+Engineering+OR+Head+of+AI+OR+CTO,The company name suggests a technology or product-oriented business. It is already licensed for the Skilled Worker route. It has a listed presence in Wells.,"Hi, I noticed In nity Technology Solutions Tunbridge is a licensed sponsor. I’m a UK-based applied AI/software engineer with 3+ years in Python, FastAPI, React, and production AI systems. I’d value connecting and learning about relevant engineering openings at In nity Technology Solutions Tunbridge."
Insightful Technology Limited,78,['London'],[],['Skilled Worker'],"['tech', 'technology']",https://www.linkedin.com/search/results/companies/?keywords=Insightful+Technology+Limited,https://www.linkedin.com/jobs/search/?keywords=Insightful+Technology+Limited+Generative+AI+Engineer+OR+Applied+AI+Engineer+OR+AI+Software+Engineer+OR+Backend+Engineer+OR+Python+Engineer+OR+Full+Stack+Engineer,https://www.linkedin.com/search/results/people/?keywords=Insightful+Technology+Limited+Technical+Recruiter+OR+Engineering+Recruiter+OR+Talent+Acquisition+OR+Internal+Recruiter,https://www.linkedin.com/search/results/people/?keywords=Insightful+Technology+Limited+Engineering+Manager+OR+Head+of+Engineering+OR+Head+of+AI+OR+CTO,The company name suggests a technology or product-oriented business. It is already licensed for the Skilled Worker route. It has a listed presence in London.,"Hi, I noticed Insightful Technology Limited is a licensed sponsor. I’m a UK-based applied AI/software engineer with 3+ years in Python, FastAPI, React, and production AI systems. I’d value connecting and learning about relevant engineering openings at Insightful Technology Limited."
ITECH REPAIR AND EXCHANGE LTD,78,['WALSALL'],[],['Skilled Worker'],"['ai', 'tech']",https://www.linkedin.com/search/results/companies/?keywords=ITECH+REPAIR+AND+EXCHANGE+LTD,https://www.linkedin.com/jobs/search/?keywords=ITECH+REPAIR+AND+EXCHANGE+LTD+Generative+AI+Engineer+OR+Applied+AI+Engineer+OR+AI+Software+Engineer+OR+Backend+Engineer+OR+Python+Engineer+OR+Full+Stack+Engineer,https://www.linkedin.com/search/results/people/?keywords=ITECH+REPAIR+AND+EXCHANGE+LTD+Technical+Recruiter+OR+Engineering+Recruiter+OR+Talent+Acquisition+OR+Internal+Recruiter,https://www.linkedin.com/search/results/people/?keywords=ITECH+REPAIR+AND+EXCHANGE+LTD+Engineering+Manager+OR+Head+of+Engineering+OR+Head+of+AI+OR+CTO,The company name suggests a technology or product-oriented business. It is already licensed for the Skilled Worker route. It has a listed presence in WALSALL.,"Hi, I noticed ITECH REPAIR AND EXCHANGE LTD is a licensed sponsor. I’m a UK-based applied AI/software engineer with 3+ years in Python, FastAPI, React, and production AI systems. I’d value connecting and learning about relevant engineering openings at ITECH REPAIR AND EXCHANGE LTD."
Jai Tech Ltd,78,['Grays'],['Essex'],['Skilled Worker'],"['ai', 'tech']",https://www.linkedin.com/search/results/companies/?keywords=Jai+Tech+Ltd,https://www.linkedin.com/jobs/search/?keywords=Jai+Tech+Ltd+Generative+AI+Engineer+OR+Applied+AI+Engineer+OR+AI+Software+Engineer+OR+Backend+Engineer+OR+Python+Engineer+OR+Full+Stack+Engineer,https://www.linkedin.com/search/results/people/?keywords=Jai+Tech+Ltd+Technical+Recruiter+OR+Engineering+Recruiter+OR+Talent+Acquisition+OR+Internal+Recruiter,https://www.linkedin.com/search/results/people/?keywords=Jai+Tech+Ltd+Engineering+Manager+OR+Head+of+Engineering+OR+Head+of+AI+OR+CTO,The company name suggests a technology or product-oriented business. It is already licensed for the Skilled Worker route. It has a listed presence in Grays.,"Hi, I noticed Jai Tech Ltd is a licensed sponsor. I’m a UK-based applied AI/software engineer with 3+ years in Python, FastAPI, React, and production AI systems. I’d value connecting and learning about relevant engineering openings at Jai Tech Ltd."
JMD Railtech Limited,78,['York'],[],"['Skilled Worker', 'lobal Business Mobility: Senior or Specialist Worker']","['ai', 'tech']",https://www.linkedin.com/search/results/companies/?keywords=JMD+Railtech+Limited,https://www.linkedin.com/jobs/search/?keywords=JMD+Railtech+Limited+Generative+AI+Engineer+OR+Applied+AI+Engineer+OR+AI+Software+Engineer+OR+Backend+Engineer+OR+Python+Engineer+OR+Full+Stack+Engineer,https://www.linkedin.com/search/results/people/?keywords=JMD+Railtech+Limited+Technical+Recruiter+OR+Engineering+Recruiter+OR+Talent+Acquisition+OR+Internal+Recruiter,https://www.linkedin.com/search/results/people/?keywords=JMD+Railtech+Limited+Engineering+Manager+OR+Head+of+Engineering+OR+Head+of+AI+OR+CTO,The company name suggests a technology or product-oriented business. It is already licensed for the Skilled Worker route. It has a listed presence in York.,"Hi, I noticed JMD Railtech Limited is a licensed sponsor. I’m a UK-based applied AI/software engineer with 3+ years in Python, FastAPI, React, and production AI systems. I’d value connecting and learning about relevant engineering openings at JMD Railtech Limited."
KAIZEN CONSULTING AND ENGINEERING LTD,78,['MK'],['Buckinghamshire Wor'],['Skilled Worker'],"['ai', 'services', 'tech']",https://www.linkedin.com/search/results/companies/?keywords=KAIZEN+CONSULTING+AND+ENGINEERING+LTD,https://www.linkedin.com/jobs/search/?keywords=KAIZEN+CONSULTING+AND+ENGINEERING+LTD+Generative+AI+Engineer+OR+Applied+AI+Engineer+OR+AI+Software+Engineer+OR+Backend+Engineer+OR+Python+Engineer+OR+Full+Stack+Engineer,https://www.linkedin.com/search/results/people/?keywords=KAIZEN+CONSULTING+AND+ENGINEERING+LTD+Technical+Recruiter+OR+Engineering+Recruiter+OR+Talent+Acquisition+OR+Internal+Recruiter,https://www.linkedin.com/search/results/people/?keywords=KAIZEN+CONSULTING+AND+ENGINEERING+LTD+Engineering+Manager+OR+Head+of+Engineering+OR+Head+of+AI+OR+CTO,The company name suggests a technology or product-oriented business. It is already licensed for the Skilled Worker route. It has a listed presence in MK.,"Hi, I noticed KAIZEN CONSULTING AND ENGINEERING LTD is a licensed sponsor. I’m a UK-based applied AI/software engineer with 3+ years in Python, FastAPI, React, and production AI systems. I’d value connecting and learning about relevant engineering openings at KAIZEN CONSULTING AND ENGINEERING LTD."
Kaizen Tech Limited,78,['Wembley'],['London Wor'],['Skilled Worker'],"['ai', 'tech']",https://www.linkedin.com/search/results/companies/?keywords=Kaizen+Tech+Limited,https://www.linkedin.com/jobs/search/?keywords=Kaizen+Tech+Limited+Generative+AI+Engineer+OR+Applied+AI+Engineer+OR+AI+Software+Engineer+OR+Backend+Engineer+OR+Python+Engineer+OR+Full+Stack+Engineer,https://www.linkedin.com/search/results/people/?keywords=Kaizen+Tech+Limited+Technical+Recruiter+OR+Engineering+Recruiter+OR+Talent+Acquisition+OR+Internal+Recruiter,https://www.linkedin.com/search/results/people/?keywords=Kaizen+Tech+Limited+Engineering+Manager+OR+Head+of+Engineering+OR+Head+of+AI+OR+CTO,The company name suggests a technology or product-oriented business. It is already licensed for the Skilled Worker route. It has a listed presence in Wembley.,"Hi, I noticed Kaizen Tech Limited is a licensed sponsor. I’m a UK-based applied AI/software engineer with 3+ years in Python, FastAPI, React, and production AI systems. I’d value connecting and learning about relevant engineering openings at Kaizen Tech Limited."
Kaizzen Tech Limited,78,['Arkley'],['Wor'],['Skilled Worker'],"['ai', 'tech']",https://www.linkedin.com/search/results/companies/?keywords=Kaizzen+Tech+Limited,https://www.linkedin.com/jobs/search/?keywords=Kaizzen+Tech+Limited+Generative+AI+Engineer+OR+Applied+AI+Engineer+OR+AI+Software+Engineer+OR+Backend+Engineer+OR+Python+Engineer+OR+Full+Stack+Engineer,https://www.linkedin.com/search/results/people/?keywords=Kaizzen+Tech+Limited+Technical+Recruiter+OR+Engineering+Recruiter+OR+Talent+Acquisition+OR+Internal+Recruiter,https://www.linkedin.com/search/results/people/?keywords=Kaizzen+Tech+Limited+Engineering+Manager+OR+Head+of+Engineering+OR+Head+of+AI+OR+CTO,The company name suggests a technology or product-oriented business. It is already licensed for the Skilled Worker route. It has a listed presence in Arkley.,"Hi, I noticed Kaizzen Tech Limited is a licensed sponsor. I’m a UK-based applied AI/software engineer with 3+ years in Python, FastAPI, React, and production AI systems. I’d value connecting and learning about relevant engineering openings at Kaizzen Tech Limited."
Kalai Tech Limited,78,['Coulsdon'],['Surrey Wor'],['Skilled Worker'],"['ai', 'tech']",https://www.linkedin.com/search/results/companies/?keywords=Kalai+Tech+Limited,https://www.linkedin.com/jobs/search/?keywords=Kalai+Tech+Limited+Generative+AI+Engineer+OR+Applied+AI+Engineer+OR+AI+Software+Engineer+OR+Backend+Engineer+OR+Python+Engineer+OR+Full+Stack+Engineer,https://www.linkedin.com/search/results/people/?keywords=Kalai+Tech+Limited+Technical+Recruiter+OR+Engineering+Recruiter+OR+Talent+Acquisition+OR+Internal+Recruiter,https://www.linkedin.com/search/results/people/?keywords=Kalai+Tech+Limited+Engineering+Manager+OR+Head+of+Engineering+OR+Head+of+AI+OR+CTO,The company name suggests a technology or product-oriented business. It is already licensed for the Skilled Worker route. It has a listed presence in Coulsdon.,"Hi, I noticed Kalai Tech Limited is a licensed sponsor. I’m a UK-based applied AI/software engineer with 3+ years in Python, FastAPI, React, and production AI systems. I’d value connecting and learning about relevant engineering openings at Kalai Tech Limited."
KC TECH PVT LIMITED Staines,78,[],['Worker (A rati'],['Skilled Worker'],"['ai', 'tech']",https://www.linkedin.com/search/results/companies/?keywords=KC+TECH+PVT+LIMITED+Staines,https://www.linkedin.com/jobs/search/?keywords=KC+TECH+PVT+LIMITED+Staines+Generative+AI+Engineer+OR+Applied+AI+Engineer+OR+AI+Software+Engineer+OR+Backend+Engineer+OR+Python+Engineer+OR+Full+Stack+Engineer,https://www.linkedin.com/search/results/people/?keywords=KC+TECH+PVT+LIMITED+Staines+Technical+Recruiter+OR+Engineering+Recruiter+OR+Talent+Acquisition+OR+Internal+Recruiter,https://www.linkedin.com/search/results/people/?keywords=KC+TECH+PVT+LIMITED+Staines+Engineering+Manager+OR+Head+of+Engineering+OR+Head+of+AI+OR+CTO,The company name suggests a technology or product-oriented business. It is already licensed for the Skilled Worker route.,"Hi, I noticed KC TECH PVT LIMITED Staines is a licensed sponsor. I’m a UK-based applied AI/software engineer with 3+ years in Python, FastAPI, React, and production AI systems. I’d value connecting and learning about relevant engineering openings at KC TECH PVT LIMITED Staines."
L&T Technology Service Limited,78,['London'],[],"['Global Business Mobility: Senior or Specialist Worker', 'Skilled Worker']","['tech', 'technology']",https://www.linkedin.com/search/results/companies/?keywords=L%26T+Technology+Service+Limited,https://www.linkedin.com/jobs/search/?keywords=L%26T+Technology+Service+Limited+Generative+AI+Engineer+OR+Applied+AI+Engineer+OR+AI+Software+Engineer+OR+Backend+Engineer+OR+Python+Engineer+OR+Full+Stack+Engineer,https://www.linkedin.com/search/results/people/?keywords=L%26T+Technology+Service+Limited+Technical+Recruiter+OR+Engineering+Recruiter+OR+Talent+Acquisition+OR+Internal+Recruiter,https://www.linkedin.com/search/results/people/?keywords=L%26T+Technology+Service+Limited+Engineering+Manager+OR+Head+of+Engineering+OR+Head+of+AI+OR+CTO,The company name suggests a technology or product-oriented business. It is already licensed for the Skilled Worker route. It has a listed presence in London.,"Hi, I noticed L&T Technology Service Limited is a licensed sponsor. I’m a UK-based applied AI/software engineer with 3+ years in Python, FastAPI, React, and production AI systems. I’d value connecting and learning about relevant engineering openings at L&T Technology Service Limited."
Latent Technology Ltd,78,['London'],['Work'],['Skilled Worker'],"['tech', 'technology']",https://www.linkedin.com/search/results/companies/?keywords=Latent+Technology+Ltd,https://www.linkedin.com/jobs/search/?keywords=Latent+Technology+Ltd+Generative+AI+Engineer+OR+Applied+AI+Engineer+OR+AI+Software+Engineer+OR+Backend+Engineer+OR+Python+Engineer+OR+Full+Stack+Engineer,https://www.linkedin.com/search/results/people/?keywords=Latent+Technology+Ltd+Technical+Recruiter+OR+Engineering+Recruiter+OR+Talent+Acquisition+OR+Internal+Recruiter,https://www.linkedin.com/search/results/people/?keywords=Latent+Technology+Ltd+Engineering+Manager+OR+Head+of+Engineering+OR+Head+of+AI+OR+CTO,The company name suggests a technology or product-oriented business. It is already licensed for the Skilled Worker route. It has a listed presence in London.,"Hi, I noticed Latent Technology Ltd is a licensed sponsor. I’m a UK-based applied AI/software engineer with 3+ years in Python, FastAPI, React, and production AI systems. I’d value connecting and learning about relevant engineering openings at Latent Technology Ltd."
Laurel Co Technology Limited,78,['London'],[],['Skilled Worker'],"['tech', 'technology']",https://www.linkedin.com/search/results/companies/?keywords=Laurel+Co+Technology+Limited,https://www.linkedin.com/jobs/search/?keywords=Laurel+Co+Technology+Limited+Generative+AI+Engineer+OR+Applied+AI+Engineer+OR+AI+Software+Engineer+OR+Backend+Engineer+OR+Python+Engineer+OR+Full+Stack+Engineer,https://www.linkedin.com/search/results/people/?keywords=Laurel+Co+Technology+Limited+Technical+Recruiter+OR+Engineering+Recruiter+OR+Talent+Acquisition+OR+Internal+Recruiter,https://www.linkedin.com/search/results/people/?keywords=Laurel+Co+Technology+Limited+Engineering+Manager+OR+Head+of+Engineering+OR+Head+of+AI+OR+CTO,The company name suggests a technology or product-oriented business. It is already licensed for the Skilled Worker route. It has a listed presence in London.,"Hi, I noticed Laurel Co Technology Limited is a licensed sponsor. I’m a UK-based applied AI/software engineer with 3+ years in Python, FastAPI, React, and production AI systems. I’d value connecting and learning about relevant engineering openings at Laurel Co Technology Limited."
LetterOne Technology (UK) LLP,78,['London'],[],['Skilled Worker'],"['tech', 'technology']",https://www.linkedin.com/search/results/companies/?keywords=LetterOne+Technology+%28UK%29+LLP,https://www.linkedin.com/jobs/search/?keywords=LetterOne+Technology+%28UK%29+LLP+Generative+AI+Engineer+OR+Applied+AI+Engineer+OR+AI+Software+Engineer+OR+Backend+Engineer+OR+Python+Engineer+OR+Full+Stack+Engineer,https://www.linkedin.com/search/results/people/?keywords=LetterOne+Technology+%28UK%29+LLP+Technical+Recruiter+OR+Engineering+Recruiter+OR+Talent+Acquisition+OR+Internal+Recruiter,https://www.linkedin.com/search/results/people/?keywords=LetterOne+Technology+%28UK%29+LLP+Engineering+Manager+OR+Head+of+Engineering+OR+Head+of+AI+OR+CTO,The company name suggests a technology or product-oriented business. It is already licensed for the Skilled Worker route. It has a listed presence in London.,"Hi, I noticed LetterOne Technology (UK) LLP is a licensed sponsor. I’m a UK-based applied AI/software engineer with 3+ years in Python, FastAPI, React, and production AI systems. I’d value connecting and learning about relevant engineering openings at LetterOne Technology (UK) LLP."
Life Technologies Limited Paisley,78,[],['Worker (A ratin'],"['Skilled Worker', 's Mobility: Senior or Specialist Worker']","['ai', 'tech']",https://www.linkedin.com/search/results/companies/?keywords=Life+Technologies+Limited+Paisley,https://www.linkedin.com/jobs/search/?keywords=Life+Technologies+Limited+Paisley+Generative+AI+Engineer+OR+Applied+AI+Engineer+OR+AI+Software+Engineer+OR+Backend+Engineer+OR+Python+Engineer+OR+Full+Stack+Engineer,https://www.linkedin.com/search/results/people/?keywords=Life+Technologies+Limited+Paisley+Technical+Recruiter+OR+Engineering+Recruiter+OR+Talent+Acquisition+OR+Internal+Recruiter,https://www.linkedin.com/search/results/people/?keywords=Life+Technologies+Limited+Paisley+Engineering+Manager+OR+Head+of+Engineering+OR+Head+of+AI+OR+CTO,The company name suggests a technology or product-oriented business. It is already licensed for the Skilled Worker route.,"Hi, I noticed Life Technologies Limited Paisley is a licensed sponsor. I’m a UK-based applied AI/software engineer with 3+ years in Python, FastAPI, React, and production AI systems. I’d value connecting and learning about relevant engineering openings at Life Technologies Limited Paisley."
LONDON ACADEMY FOR APPLIED TECHNOLOGY LTD,78,['London'],['Worke'],['Skilled Worker'],"['tech', 'technology']",https://www.linkedin.com/search/results/companies/?keywords=LONDON+ACADEMY+FOR+APPLIED+TECHNOLOGY+LTD,https://www.linkedin.com/jobs/search/?keywords=LONDON+ACADEMY+FOR+APPLIED+TECHNOLOGY+LTD+Generative+AI+Engineer+OR+Applied+AI+Engineer+OR+AI+Software+Engineer+OR+Backend+Engineer+OR+Python+Engineer+OR+Full+Stack+Engineer,https://www.linkedin.com/search/results/people/?keywords=LONDON+ACADEMY+FOR+APPLIED+TECHNOLOGY+LTD+Technical+Recruiter+OR+Engineering+Recruiter+OR+Talent+Acquisition+OR+Internal+Recruiter,https://www.linkedin.com/search/results/people/?keywords=LONDON+ACADEMY+FOR+APPLIED+TECHNOLOGY+LTD+Engineering+Manager+OR+Head+of+Engineering+OR+Head+of+AI+OR+CTO,The company name suggests a technology or product-oriented business. It is already licensed for the Skilled Worker route. It has a listed presence in London.,"Hi, I noticed LONDON ACADEMY FOR APPLIED TECHNOLOGY LTD is a licensed sponsor. I’m a UK-based applied AI/software engineer with 3+ years in Python, FastAPI, React, and production AI systems. I’d value connecting and learning about relevant engineering openings at LONDON ACADEMY FOR APPLIED TECHNOLOG"
M3 TECHNOLOGY LTD,78,['London'],['Worke'],['Skilled Worker'],"['tech', 'technology']",https://www.linkedin.com/search/results/companies/?keywords=M3+TECHNOLOGY+LTD,https://www.linkedin.com/jobs/search/?keywords=M3+TECHNOLOGY+LTD+Generative+AI+Engineer+OR+Applied+AI+Engineer+OR+AI+Software+Engineer+OR+Backend+Engineer+OR+Python+Engineer+OR+Full+Stack+Engineer,https://www.linkedin.com/search/results/people/?keywords=M3+TECHNOLOGY+LTD+Technical+Recruiter+OR+Engineering+Recruiter+OR+Talent+Acquisition+OR+Internal+Recruiter,https://www.linkedin.com/search/results/people/?keywords=M3+TECHNOLOGY+LTD+Engineering+Manager+OR+Head+of+Engineering+OR+Head+of+AI+OR+CTO,The company name suggests a technology or product-oriented business. It is already licensed for the Skilled Worker route. It has a listed presence in London.,"Hi, I noticed M3 TECHNOLOGY LTD is a licensed sponsor. I’m a UK-based applied AI/software engineer with 3+ years in Python, FastAPI, React, and production AI systems. I’d value connecting and learning about relevant engineering openings at M3 TECHNOLOGY LTD."
MAATI TECH TECHNOLOGY SOLUTIONS LIMITED Hemel Hempst,78,['ead'],['Worker (A rating)'],['Skilled Worker'],"['services', 'tech', 'technology']",https://www.linkedin.com/search/results/companies/?keywords=MAATI+TECH+TECHNOLOGY+SOLUTIONS+LIMITED+Hemel+Hempst,https://www.linkedin.com/jobs/search/?keywords=MAATI+TECH+TECHNOLOGY+SOLUTIONS+LIMITED+Hemel+Hempst+Generative+AI+Engineer+OR+Applied+AI+Engineer+OR+AI+Software+Engineer+OR+Backend+Engineer+OR+Python+Engineer+OR+Full+Stack+Engineer,https://www.linkedin.com/search/results/people/?keywords=MAATI+TECH+TECHNOLOGY+SOLUTIONS+LIMITED+Hemel+Hempst+Technical+Recruiter+OR+Engineering+Recruiter+OR+Talent+Acquisition+OR+Internal+Recruiter,https://www.linkedin.com/search/results/people/?keywords=MAATI+TECH+TECHNOLOGY+SOLUTIONS+LIMITED+Hemel+Hempst+Engineering+Manager+OR+Head+of+Engineering+OR+Head+of+AI+OR+CTO,The company name suggests a technology or product-oriented business. It is already licensed for the Skilled Worker route. It has a listed presence in ead.,"Hi, I noticed MAATI TECH TECHNOLOGY SOLUTIONS LIMITED Hemel Hempst is a licensed sponsor. I’m a UK-based applied AI/software engineer with 3+ years in Python, FastAPI, React, and production AI systems. I’d value connecting and learning about relevant engineering openings at MAATI TECH TECHNOLOGY SOL"
Marshmallow Technology Ltd,78,['London'],[],['Skilled Worker'],"['tech', 'technology']",https://www.linkedin.com/search/results/companies/?keywords=Marshmallow+Technology+Ltd,https://www.linkedin.com/jobs/search/?keywords=Marshmallow+Technology+Ltd+Generative+AI+Engineer+OR+Applied+AI+Engineer+OR+AI+Software+Engineer+OR+Backend+Engineer+OR+Python+Engineer+OR+Full+Stack+Engineer,https://www.linkedin.com/search/results/people/?keywords=Marshmallow+Technology+Ltd+Technical+Recruiter+OR+Engineering+Recruiter+OR+Talent+Acquisition+OR+Internal+Recruiter,https://www.linkedin.com/search/results/people/?keywords=Marshmallow+Technology+Ltd+Engineering+Manager+OR+Head+of+Engineering+OR+Head+of+AI+OR+CTO,The company name suggests a technology or product-oriented business. It is already licensed for the Skilled Worker route. It has a listed presence in London.,"Hi, I noticed Marshmallow Technology Ltd is a licensed sponsor. I’m a UK-based applied AI/software engineer with 3+ years in Python, FastAPI, React, and production AI systems. I’d value connecting and learning about relevant engineering openings at Marshmallow Technology Ltd."
Matrix Technology Solutions Limited Halifax,78,['West Y'],['orkshire Worker (A rat'],['Skilled Worker'],"['services', 'tech', 'technology']",https://www.linkedin.com/search/results/companies/?keywords=Matrix+Technology+Solutions+Limited+Halifax,https://www.linkedin.com/jobs/search/?keywords=Matrix+Technology+Solutions+Limited+Halifax+Generative+AI+Engineer+OR+Applied+AI+Engineer+OR+AI+Software+Engineer+OR+Backend+Engineer+OR+Python+Engineer+OR+Full+Stack+Engineer,https://www.linkedin.com/search/results/people/?keywords=Matrix+Technology+Solutions+Limited+Halifax+Technical+Recruiter+OR+Engineering+Recruiter+OR+Talent+Acquisition+OR+Internal+Recruiter,https://www.linkedin.com/search/results/people/?keywords=Matrix+Technology+Solutions+Limited+Halifax+Engineering+Manager+OR+Head+of+Engineering+OR+Head+of+AI+OR+CTO,The company name suggests a technology or product-oriented business. It is already licensed for the Skilled Worker route. It has a listed presence in West Y.,"Hi, I noticed Matrix Technology Solutions Limited Halifax is a licensed sponsor. I’m a UK-based applied AI/software engineer with 3+ years in Python, FastAPI, React, and production AI systems. I’d value connecting and learning about relevant engineering openings at Matrix Technology Solutions Limite"
MGH Technology Solutions Ltd Cobh,78,['am G'],['B Worker (A'],['Skilled Worker'],"['services', 'tech', 'technology']",https://www.linkedin.com/search/results/companies/?keywords=MGH+Technology+Solutions+Ltd+Cobh,https://www.linkedin.com/jobs/search/?keywords=MGH+Technology+Solutions+Ltd+Cobh+Generative+AI+Engineer+OR+Applied+AI+Engineer+OR+AI+Software+Engineer+OR+Backend+Engineer+OR+Python+Engineer+OR+Full+Stack+Engineer,https://www.linkedin.com/search/results/people/?keywords=MGH+Technology+Solutions+Ltd+Cobh+Technical+Recruiter+OR+Engineering+Recruiter+OR+Talent+Acquisition+OR+Internal+Recruiter,https://www.linkedin.com/search/results/people/?keywords=MGH+Technology+Solutions+Ltd+Cobh+Engineering+Manager+OR+Head+of+Engineering+OR+Head+of+AI+OR+CTO,The company name suggests a technology or product-oriented business. It is already licensed for the Skilled Worker route. It has a listed presence in am G.,"Hi, I noticed MGH Technology Solutions Ltd Cobh is a licensed sponsor. I’m a UK-based applied AI/software engineer with 3+ years in Python, FastAPI, React, and production AI systems. I’d value connecting and learning about relevant engineering openings at MGH Technology Solutions Ltd Cobh."
MINDPATH TECHNOLOGY LIMITED,78,['London'],[],['Skilled Worker'],"['tech', 'technology']",https://www.linkedin.com/search/results/companies/?keywords=MINDPATH+TECHNOLOGY+LIMITED,https://www.linkedin.com/jobs/search/?keywords=MINDPATH+TECHNOLOGY+LIMITED+Generative+AI+Engineer+OR+Applied+AI+Engineer+OR+AI+Software+Engineer+OR+Backend+Engineer+OR+Python+Engineer+OR+Full+Stack+Engineer,https://www.linkedin.com/search/results/people/?keywords=MINDPATH+TECHNOLOGY+LIMITED+Technical+Recruiter+OR+Engineering+Recruiter+OR+Talent+Acquisition+OR+Internal+Recruiter,https://www.linkedin.com/search/results/people/?keywords=MINDPATH+TECHNOLOGY+LIMITED+Engineering+Manager+OR+Head+of+Engineering+OR+Head+of+AI+OR+CTO,The company name suggests a technology or product-oriented business. It is already licensed for the Skilled Worker route. It has a listed presence in London.,"Hi, I noticed MINDPATH TECHNOLOGY LIMITED is a licensed sponsor. I’m a UK-based applied AI/software engineer with 3+ years in Python, FastAPI, React, and production AI systems. I’d value connecting and learning about relevant engineering openings at MINDPATH TECHNOLOGY LIMITED."
Naina Technologies Ltd Lond,78,['on'],['Wor'],['Skilled Worker'],"['ai', 'tech']",https://www.linkedin.com/search/results/companies/?keywords=Naina+Technologies+Ltd+Lond,https://www.linkedin.com/jobs/search/?keywords=Naina+Technologies+Ltd+Lond+Generative+AI+Engineer+OR+Applied+AI+Engineer+OR+AI+Software+Engineer+OR+Backend+Engineer+OR+Python+Engineer+OR+Full+Stack+Engineer,https://www.linkedin.com/search/results/people/?keywords=Naina+Technologies+Ltd+Lond+Technical+Recruiter+OR+Engineering+Recruiter+OR+Talent+Acquisition+OR+Internal+Recruiter,https://www.linkedin.com/search/results/people/?keywords=Naina+Technologies+Ltd+Lond+Engineering+Manager+OR+Head+of+Engineering+OR+Head+of+AI+OR+CTO,The company name suggests a technology or product-oriented business. It is already licensed for the Skilled Worker route. It has a listed presence in on.,"Hi, I noticed Naina Technologies Ltd Lond is a licensed sponsor. I’m a UK-based applied AI/software engineer with 3+ years in Python, FastAPI, React, and production AI systems. I’d value connecting and learning about relevant engineering openings at Naina Technologies Ltd Lond."
NET AI TECH LTD ED,78,['INBURGH'],['Scotland Wor'],['Skilled Worker'],"['ai', 'tech']",https://www.linkedin.com/search/results/companies/?keywords=NET+AI+TECH+LTD+ED,https://www.linkedin.com/jobs/search/?keywords=NET+AI+TECH+LTD+ED+Generative+AI+Engineer+OR+Applied+AI+Engineer+OR+AI+Software+Engineer+OR+Backend+Engineer+OR+Python+Engineer+OR+Full+Stack+Engineer,https://www.linkedin.com/search/results/people/?keywords=NET+AI+TECH+LTD+ED+Technical+Recruiter+OR+Engineering+Recruiter+OR+Talent+Acquisition+OR+Internal+Recruiter,https://www.linkedin.com/search/results/people/?keywords=NET+AI+TECH+LTD+ED+Engineering+Manager+OR+Head+of+Engineering+OR+Head+of+AI+OR+CTO,The company name suggests a technology or product-oriented business. It is already licensed for the Skilled Worker route. It has a listed presence in INBURGH.,"Hi, I noticed NET AI TECH LTD ED is a licensed sponsor. I’m a UK-based applied AI/software engineer with 3+ years in Python, FastAPI, React, and production AI systems. I’d value connecting and learning about relevant engineering openings at NET AI TECH LTD ED."
NEW TIMES TECHNOLOGY GROUP LIMITED,78,['London'],[],['Skilled Worker'],"['tech', 'technology']",https://www.linkedin.com/search/results/companies/?keywords=NEW+TIMES+TECHNOLOGY+GROUP+LIMITED,https://www.linkedin.com/jobs/search/?keywords=NEW+TIMES+TECHNOLOGY+GROUP+LIMITED+Generative+AI+Engineer+OR+Applied+AI+Engineer+OR+AI+Software+Engineer+OR+Backend+Engineer+OR+Python+Engineer+OR+Full+Stack+Engineer,https://www.linkedin.com/search/results/people/?keywords=NEW+TIMES+TECHNOLOGY+GROUP+LIMITED+Technical+Recruiter+OR+Engineering+Recruiter+OR+Talent+Acquisition+OR+Internal+Recruiter,https://www.linkedin.com/search/results/people/?keywords=NEW+TIMES+TECHNOLOGY+GROUP+LIMITED+Engineering+Manager+OR+Head+of+Engineering+OR+Head+of+AI+OR+CTO,The company name suggests a technology or product-oriented business. It is already licensed for the Skilled Worker route. It has a listed presence in London.,"Hi, I noticed NEW TIMES TECHNOLOGY GROUP LIMITED is a licensed sponsor. I’m a UK-based applied AI/software engineer with 3+ years in Python, FastAPI, React, and production AI systems. I’d value connecting and learning about relevant engineering openings at NEW TIMES TECHNOLOGY GROUP LIMITED."
Nibble Technology Limited,78,['London'],[],['Skilled Worker'],"['tech', 'technology']",https://www.linkedin.com/search/results/companies/?keywords=Nibble+Technology+Limited,https://www.linkedin.com/jobs/search/?keywords=Nibble+Technology+Limited+Generative+AI+Engineer+OR+Applied+AI+Engineer+OR+AI+Software+Engineer+OR+Backend+Engineer+OR+Python+Engineer+OR+Full+Stack+Engineer,https://www.linkedin.com/search/results/people/?keywords=Nibble+Technology+Limited+Technical+Recruiter+OR+Engineering+Recruiter+OR+Talent+Acquisition+OR+Internal+Recruiter,https://www.linkedin.com/search/results/people/?keywords=Nibble+Technology+Limited+Engineering+Manager+OR+Head+of+Engineering+OR+Head+of+AI+OR+CTO,The company name suggests a technology or product-oriented business. It is already licensed for the Skilled Worker route. It has a listed presence in London.,"Hi, I noticed Nibble Technology Limited is a licensed sponsor. I’m a UK-based applied AI/software engineer with 3+ years in Python, FastAPI, React, and production AI systems. I’d value connecting and learning about relevant engineering openings at Nibble Technology Limited."
NOTHING TECHNOLOGY LIMITED,78,['London'],['Worker (A'],['Skilled Worker'],"['tech', 'technology']",https://www.linkedin.com/search/results/companies/?keywords=NOTHING+TECHNOLOGY+LIMITED,https://www.linkedin.com/jobs/search/?keywords=NOTHING+TECHNOLOGY+LIMITED+Generative+AI+Engineer+OR+Applied+AI+Engineer+OR+AI+Software+Engineer+OR+Backend+Engineer+OR+Python+Engineer+OR+Full+Stack+Engineer,https://www.linkedin.com/search/results/people/?keywords=NOTHING+TECHNOLOGY+LIMITED+Technical+Recruiter+OR+Engineering+Recruiter+OR+Talent+Acquisition+OR+Internal+Recruiter,https://www.linkedin.com/search/results/people/?keywords=NOTHING+TECHNOLOGY+LIMITED+Engineering+Manager+OR+Head+of+Engineering+OR+Head+of+AI+OR+CTO,The company name suggests a technology or product-oriented business. It is already licensed for the Skilled Worker route. It has a listed presence in London.,"Hi, I noticed NOTHING TECHNOLOGY LIMITED is a licensed sponsor. I’m a UK-based applied AI/software engineer with 3+ years in Python, FastAPI, React, and production AI systems. I’d value connecting and learning about relevant engineering openings at NOTHING TECHNOLOGY LIMITED."
Optometric Technology Group Ltd,78,['London'],[],['Skilled Worker'],"['tech', 'technology']",https://www.linkedin.com/search/results/companies/?keywords=Optometric+Technology+Group+Ltd,https://www.linkedin.com/jobs/search/?keywords=Optometric+Technology+Group+Ltd+Generative+AI+Engineer+OR+Applied+AI+Engineer+OR+AI+Software+Engineer+OR+Backend+Engineer+OR+Python+Engineer+OR+Full+Stack+Engineer,https://www.linkedin.com/search/results/people/?keywords=Optometric+Technology+Group+Ltd+Technical+Recruiter+OR+Engineering+Recruiter+OR+Talent+Acquisition+OR+Internal+Recruiter,https://www.linkedin.com/search/results/people/?keywords=Optometric+Technology+Group+Ltd+Engineering+Manager+OR+Head+of+Engineering+OR+Head+of+AI+OR+CTO,The company name suggests a technology or product-oriented business. It is already licensed for the Skilled Worker route. It has a listed presence in London.,"Hi, I noticed Optometric Technology Group Ltd is a licensed sponsor. I’m a UK-based applied AI/software engineer with 3+ years in Python, FastAPI, React, and production AI systems. I’d value connecting and learning about relevant engineering openings at Optometric Technology Group Ltd."
Otta Technology Limited t/a Otta,78,['London'],['Wor'],['Skilled Worker'],"['tech', 'technology']",https://www.linkedin.com/search/results/companies/?keywords=Otta+Technology+Limited+t%2Fa+Otta,https://www.linkedin.com/jobs/search/?keywords=Otta+Technology+Limited+t%2Fa+Otta+Generative+AI+Engineer+OR+Applied+AI+Engineer+OR+AI+Software+Engineer+OR+Backend+Engineer+OR+Python+Engineer+OR+Full+Stack+Engineer,https://www.linkedin.com/search/results/people/?keywords=Otta+Technology+Limited+t%2Fa+Otta+Technical+Recruiter+OR+Engineering+Recruiter+OR+Talent+Acquisition+OR+Internal+Recruiter,https://www.linkedin.com/search/results/people/?keywords=Otta+Technology+Limited+t%2Fa+Otta+Engineering+Manager+OR+Head+of+Engineering+OR+Head+of+AI+OR+CTO,The company name suggests a technology or product-oriented business. It is already licensed for the Skilled Worker route. It has a listed presence in London.,"Hi, I noticed Otta Technology Limited t/a Otta is a licensed sponsor. I’m a UK-based applied AI/software engineer with 3+ years in Python, FastAPI, React, and production AI systems. I’d value connecting and learning about relevant engineering openings at Otta Technology Limited t/a Otta."
Ozone Financial Technology Limited,78,['London'],[],['Skilled Worker'],"['tech', 'technology']",https://www.linkedin.com/search/results/companies/?keywords=Ozone+Financial+Technology+Limited,https://www.linkedin.com/jobs/search/?keywords=Ozone+Financial+Technology+Limited+Generative+AI+Engineer+OR+Applied+AI+Engineer+OR+AI+Software+Engineer+OR+Backend+Engineer+OR+Python+Engineer+OR+Full+Stack+Engineer,https://www.linkedin.com/search/results/people/?keywords=Ozone+Financial+Technology+Limited+Technical+Recruiter+OR+Engineering+Recruiter+OR+Talent+Acquisition+OR+Internal+Recruiter,https://www.linkedin.com/search/results/people/?keywords=Ozone+Financial+Technology+Limited+Engineering+Manager+OR+Head+of+Engineering+OR+Head+of+AI+OR+CTO,The company name suggests a technology or product-oriented business. It is already licensed for the Skilled Worker route. It has a listed presence in London.,"Hi, I noticed Ozone Financial Technology Limited is a licensed sponsor. I’m a UK-based applied AI/software engineer with 3+ years in Python, FastAPI, React, and production AI systems. I’d value connecting and learning about relevant engineering openings at Ozone Financial Technology Limited."
Palmer Energy Technology Limited,78,['London'],[],['Skilled Worker'],"['tech', 'technology']",https://www.linkedin.com/search/results/companies/?keywords=Palmer+Energy+Technology+Limited,https://www.linkedin.com/jobs/search/?keywords=Palmer+Energy+Technology+Limited+Generative+AI+Engineer+OR+Applied+AI+Engineer+OR+AI+Software+Engineer+OR+Backend+Engineer+OR+Python+Engineer+OR+Full+Stack+Engineer,https://www.linkedin.com/search/results/people/?keywords=Palmer+Energy+Technology+Limited+Technical+Recruiter+OR+Engineering+Recruiter+OR+Talent+Acquisition+OR+Internal+Recruiter,https://www.linkedin.com/search/results/people/?keywords=Palmer+Energy+Technology+Limited+Engineering+Manager+OR+Head+of+Engineering+OR+Head+of+AI+OR+CTO,The company name suggests a technology or product-oriented business. It is already licensed for the Skilled Worker route. It has a listed presence in London.,"Hi, I noticed Palmer Energy Technology Limited is a licensed sponsor. I’m a UK-based applied AI/software engineer with 3+ years in Python, FastAPI, React, and production AI systems. I’d value connecting and learning about relevant engineering openings at Palmer Energy Technology Limited."
PERSE TECHNOLOGY LIMITED,78,['LONDON'],[],['Skilled Worker'],"['tech', 'technology']",https://www.linkedin.com/search/results/companies/?keywords=PERSE+TECHNOLOGY+LIMITED,https://www.linkedin.com/jobs/search/?keywords=PERSE+TECHNOLOGY+LIMITED+Generative+AI+Engineer+OR+Applied+AI+Engineer+OR+AI+Software+Engineer+OR+Backend+Engineer+OR+Python+Engineer+OR+Full+Stack+Engineer,https://www.linkedin.com/search/results/people/?keywords=PERSE+TECHNOLOGY+LIMITED+Technical+Recruiter+OR+Engineering+Recruiter+OR+Talent+Acquisition+OR+Internal+Recruiter,https://www.linkedin.com/search/results/people/?keywords=PERSE+TECHNOLOGY+LIMITED+Engineering+Manager+OR+Head+of+Engineering+OR+Head+of+AI+OR+CTO,The company name suggests a technology or product-oriented business. It is already licensed for the Skilled Worker route. It has a listed presence in LONDON.,"Hi, I noticed PERSE TECHNOLOGY LIMITED is a licensed sponsor. I’m a UK-based applied AI/software engineer with 3+ years in Python, FastAPI, React, and production AI systems. I’d value connecting and learning about relevant engineering openings at PERSE TECHNOLOGY LIMITED."
PIRAI INFOTECH LIMITED,78,['Bracknell'],['Wor'],['Skilled Worker'],"['ai', 'tech']",https://www.linkedin.com/search/results/companies/?keywords=PIRAI+INFOTECH+LIMITED,https://www.linkedin.com/jobs/search/?keywords=PIRAI+INFOTECH+LIMITED+Generative+AI+Engineer+OR+Applied+AI+Engineer+OR+AI+Software+Engineer+OR+Backend+Engineer+OR+Python+Engineer+OR+Full+Stack+Engineer,https://www.linkedin.com/search/results/people/?keywords=PIRAI+INFOTECH+LIMITED+Technical+Recruiter+OR+Engineering+Recruiter+OR+Talent+Acquisition+OR+Internal+Recruiter,https://www.linkedin.com/search/results/people/?keywords=PIRAI+INFOTECH+LIMITED+Engineering+Manager+OR+Head+of+Engineering+OR+Head+of+AI+OR+CTO,The company name suggests a technology or product-oriented business. It is already licensed for the Skilled Worker route. It has a listed presence in Bracknell.,"Hi, I noticed PIRAI INFOTECH LIMITED is a licensed sponsor. I’m a UK-based applied AI/software engineer with 3+ years in Python, FastAPI, React, and production AI systems. I’d value connecting and learning about relevant engineering openings at PIRAI INFOTECH LIMITED."
Poli Technology Solutions Limited,78,['Southend-On-Sea'],['Essex Worke'],['Skilled Worker'],"['services', 'tech', 'technology']",https://www.linkedin.com/search/results/companies/?keywords=Poli+Technology+Solutions+Limited,https://www.linkedin.com/jobs/search/?keywords=Poli+Technology+Solutions+Limited+Generative+AI+Engineer+OR+Applied+AI+Engineer+OR+AI+Software+Engineer+OR+Backend+Engineer+OR+Python+Engineer+OR+Full+Stack+Engineer,https://www.linkedin.com/search/results/people/?keywords=Poli+Technology+Solutions+Limited+Technical+Recruiter+OR+Engineering+Recruiter+OR+Talent+Acquisition+OR+Internal+Recruiter,https://www.linkedin.com/search/results/people/?keywords=Poli+Technology+Solutions+Limited+Engineering+Manager+OR+Head+of+Engineering+OR+Head+of+AI+OR+CTO,The company name suggests a technology or product-oriented business. It is already licensed for the Skilled Worker route. It has a listed presence in Southend-On-Sea.,"Hi, I noticed Poli Technology Solutions Limited is a licensed sponsor. I’m a UK-based applied AI/software engineer with 3+ years in Python, FastAPI, React, and production AI systems. I’d value connecting and learning about relevant engineering openings at Poli Technology Solutions Limited."
Protech Stainless Ltd,78,['Bedford'],[],['Skilled Worker'],"['ai', 'tech']",https://www.linkedin.com/search/results/companies/?keywords=Protech+Stainless+Ltd,https://www.linkedin.com/jobs/search/?keywords=Protech+Stainless+Ltd+Generative+AI+Engineer+OR+Applied+AI+Engineer+OR+AI+Software+Engineer+OR+Backend+Engineer+OR+Python+Engineer+OR+Full+Stack+Engineer,https://www.linkedin.com/search/results/people/?keywords=Protech+Stainless+Ltd+Technical+Recruiter+OR+Engineering+Recruiter+OR+Talent+Acquisition+OR+Internal+Recruiter,https://www.linkedin.com/search/results/people/?keywords=Protech+Stainless+Ltd+Engineering+Manager+OR+Head+of+Engineering+OR+Head+of+AI+OR+CTO,The company name suggests a technology or product-oriented business. It is already licensed for the Skilled Worker route. It has a listed presence in Bedford.,"Hi, I noticed Protech Stainless Ltd is a licensed sponsor. I’m a UK-based applied AI/software engineer with 3+ years in Python, FastAPI, React, and production AI systems. I’d value connecting and learning about relevant engineering openings at Protech Stainless Ltd."
PUREAN SOLUTIONS AND TECHNOLOGY LTD Milt,78,['on Keynes'],['Worker (A'],['Skilled Worker'],"['services', 'tech', 'technology']",https://www.linkedin.com/search/results/companies/?keywords=PUREAN+SOLUTIONS+AND+TECHNOLOGY+LTD+Milt,https://www.linkedin.com/jobs/search/?keywords=PUREAN+SOLUTIONS+AND+TECHNOLOGY+LTD+Milt+Generative+AI+Engineer+OR+Applied+AI+Engineer+OR+AI+Software+Engineer+OR+Backend+Engineer+OR+Python+Engineer+OR+Full+Stack+Engineer,https://www.linkedin.com/search/results/people/?keywords=PUREAN+SOLUTIONS+AND+TECHNOLOGY+LTD+Milt+Technical+Recruiter+OR+Engineering+Recruiter+OR+Talent+Acquisition+OR+Internal+Recruiter,https://www.linkedin.com/search/results/people/?keywords=PUREAN+SOLUTIONS+AND+TECHNOLOGY+LTD+Milt+Engineering+Manager+OR+Head+of+Engineering+OR+Head+of+AI+OR+CTO,The company name suggests a technology or product-oriented business. It is already licensed for the Skilled Worker route. It has a listed presence in on Keynes.,"Hi, I noticed PUREAN SOLUTIONS AND TECHNOLOGY LTD Milt is a licensed sponsor. I’m a UK-based applied AI/software engineer with 3+ years in Python, FastAPI, React, and production AI systems. I’d value connecting and learning about relevant engineering openings at PUREAN SOLUTIONS AND TECHNOLOGY LTD M"
RAA TECHNOLOGY SOLUTIONS LTD Bam,78,['ber Bridge Lan'],['cashire Worker (A'],['Skilled Worker'],"['services', 'tech', 'technology']",https://www.linkedin.com/search/results/companies/?keywords=RAA+TECHNOLOGY+SOLUTIONS+LTD+Bam,https://www.linkedin.com/jobs/search/?keywords=RAA+TECHNOLOGY+SOLUTIONS+LTD+Bam+Generative+AI+Engineer+OR+Applied+AI+Engineer+OR+AI+Software+Engineer+OR+Backend+Engineer+OR+Python+Engineer+OR+Full+Stack+Engineer,https://www.linkedin.com/search/results/people/?keywords=RAA+TECHNOLOGY+SOLUTIONS+LTD+Bam+Technical+Recruiter+OR+Engineering+Recruiter+OR+Talent+Acquisition+OR+Internal+Recruiter,https://www.linkedin.com/search/results/people/?keywords=RAA+TECHNOLOGY+SOLUTIONS+LTD+Bam+Engineering+Manager+OR+Head+of+Engineering+OR+Head+of+AI+OR+CTO,The company name suggests a technology or product-oriented business. It is already licensed for the Skilled Worker route. It has a listed presence in ber Bridge Lan.,"Hi, I noticed RAA TECHNOLOGY SOLUTIONS LTD Bam is a licensed sponsor. I’m a UK-based applied AI/software engineer with 3+ years in Python, FastAPI, React, and production AI systems. I’d value connecting and learning about relevant engineering openings at RAA TECHNOLOGY SOLUTIONS LTD Bam."
Raitech It Servces/trainings Ltd,78,['Ipswich'],['Worker'],['Skilled Worker'],"['ai', 'tech']",https://www.linkedin.com/search/results/companies/?keywords=Raitech+It+Servces%2Ftrainings+Ltd,https://www.linkedin.com/jobs/search/?keywords=Raitech+It+Servces%2Ftrainings+Ltd+Generative+AI+Engineer+OR+Applied+AI+Engineer+OR+AI+Software+Engineer+OR+Backend+Engineer+OR+Python+Engineer+OR+Full+Stack+Engineer,https://www.linkedin.com/search/results/people/?keywords=Raitech+It+Servces%2Ftrainings+Ltd+Technical+Recruiter+OR+Engineering+Recruiter+OR+Talent+Acquisition+OR+Internal+Recruiter,https://www.linkedin.com/search/results/people/?keywords=Raitech+It+Servces%2Ftrainings+Ltd+Engineering+Manager+OR+Head+of+Engineering+OR+Head+of+AI+OR+CTO,The company name suggests a technology or product-oriented business. It is already licensed for the Skilled Worker route. It has a listed presence in Ipswich.,"Hi, I noticed Raitech It Servces/trainings Ltd is a licensed sponsor. I’m a UK-based applied AI/software engineer with 3+ years in Python, FastAPI, React, and production AI systems. I’d value connecting and learning about relevant engineering openings at Raitech It Servces/trainings Ltd."
RateGain Technologies Limited L,78,['ondon'],['Worker'],"['Skilled Worker', 's Mobility: Senior or Specialist Worker']","['ai', 'tech']",https://www.linkedin.com/search/results/companies/?keywords=RateGain+Technologies+Limited+L,https://www.linkedin.com/jobs/search/?keywords=RateGain+Technologies+Limited+L+Generative+AI+Engineer+OR+Applied+AI+Engineer+OR+AI+Software+Engineer+OR+Backend+Engineer+OR+Python+Engineer+OR+Full+Stack+Engineer,https://www.linkedin.com/search/results/people/?keywords=RateGain+Technologies+Limited+L+Technical+Recruiter+OR+Engineering+Recruiter+OR+Talent+Acquisition+OR+Internal+Recruiter,https://www.linkedin.com/search/results/people/?keywords=RateGain+Technologies+Limited+L+Engineering+Manager+OR+Head+of+Engineering+OR+Head+of+AI+OR+CTO,The company name suggests a technology or product-oriented business. It is already licensed for the Skilled Worker route. It has a listed presence in ondon.,"Hi, I noticed RateGain Technologies Limited L is a licensed sponsor. I’m a UK-based applied AI/software engineer with 3+ years in Python, FastAPI, React, and production AI systems. I’d value connecting and learning about relevant engineering openings at RateGain Technologies Limited L."
Ravelin Technology Limited,78,['London'],[],['Skilled Worker'],"['tech', 'technology']",https://www.linkedin.com/search/results/companies/?keywords=Ravelin+Technology+Limited,https://www.linkedin.com/jobs/search/?keywords=Ravelin+Technology+Limited+Generative+AI+Engineer+OR+Applied+AI+Engineer+OR+AI+Software+Engineer+OR+Backend+Engineer+OR+Python+Engineer+OR+Full+Stack+Engineer,https://www.linkedin.com/search/results/people/?keywords=Ravelin+Technology+Limited+Technical+Recruiter+OR+Engineering+Recruiter+OR+Talent+Acquisition+OR+Internal+Recruiter,https://www.linkedin.com/search/results/people/?keywords=Ravelin+Technology+Limited+Engineering+Manager+OR+Head+of+Engineering+OR+Head+of+AI+OR+CTO,The company name suggests a technology or product-oriented business. It is already licensed for the Skilled Worker route. It has a listed presence in London.,"Hi, I noticed Ravelin Technology Limited is a licensed sponsor. I’m a UK-based applied AI/software engineer with 3+ years in Python, FastAPI, React, and production AI systems. I’d value connecting and learning about relevant engineering openings at Ravelin Technology Limited."
Red Technology Solutions Limited,78,['Witney'],['Oxfordshire Wo'],['Skilled Worker'],"['services', 'tech', 'technology']",https://www.linkedin.com/search/results/companies/?keywords=Red+Technology+Solutions+Limited,https://www.linkedin.com/jobs/search/?keywords=Red+Technology+Solutions+Limited+Generative+AI+Engineer+OR+Applied+AI+Engineer+OR+AI+Software+Engineer+OR+Backend+Engineer+OR+Python+Engineer+OR+Full+Stack+Engineer,https://www.linkedin.com/search/results/people/?keywords=Red+Technology+Solutions+Limited+Technical+Recruiter+OR+Engineering+Recruiter+OR+Talent+Acquisition+OR+Internal+Recruiter,https://www.linkedin.com/search/results/people/?keywords=Red+Technology+Solutions+Limited+Engineering+Manager+OR+Head+of+Engineering+OR+Head+of+AI+OR+CTO,The company name suggests a technology or product-oriented business. It is already licensed for the Skilled Worker route. It has a listed presence in Witney.,"Hi, I noticed Red Technology Solutions Limited is a licensed sponsor. I’m a UK-based applied AI/software engineer with 3+ years in Python, FastAPI, React, and production AI systems. I’d value connecting and learning about relevant engineering openings at Red Technology Solutions Limited."
RedCloud Technologies Ltd,78,['London'],['London Wo'],"['Skilled Worker', 'lobal Business Mobility: Senior or Specialist Worker']","['cloud', 'tech']",https://www.linkedin.com/search/results/companies/?keywords=RedCloud+Technologies+Ltd,https://www.linkedin.com/jobs/search/?keywords=RedCloud+Technologies+Ltd+Generative+AI+Engineer+OR+Applied+AI+Engineer+OR+AI+Software+Engineer+OR+Backend+Engineer+OR+Python+Engineer+OR+Full+Stack+Engineer,https://www.linkedin.com/search/results/people/?keywords=RedCloud+Technologies+Ltd+Technical+Recruiter+OR+Engineering+Recruiter+OR+Talent+Acquisition+OR+Internal+Recruiter,https://www.linkedin.com/search/results/people/?keywords=RedCloud+Technologies+Ltd+Engineering+Manager+OR+Head+of+Engineering+OR+Head+of+AI+OR+CTO,The company name suggests a technology or product-oriented business. It is already licensed for the Skilled Worker route. It has a listed presence in London.,"Hi, I noticed RedCloud Technologies Ltd is a licensed sponsor. I’m a UK-based applied AI/software engineer with 3+ years in Python, FastAPI, React, and production AI systems. I’d value connecting and learning about relevant engineering openings at RedCloud Technologies Ltd."
RENAISSANCE INFOTECH LIMITED W,78,['allington'],['Worker'],['Skilled Worker'],"['ai', 'tech']",https://www.linkedin.com/search/results/companies/?keywords=RENAISSANCE+INFOTECH+LIMITED+W,https://www.linkedin.com/jobs/search/?keywords=RENAISSANCE+INFOTECH+LIMITED+W+Generative+AI+Engineer+OR+Applied+AI+Engineer+OR+AI+Software+Engineer+OR+Backend+Engineer+OR+Python+Engineer+OR+Full+Stack+Engineer,https://www.linkedin.com/search/results/people/?keywords=RENAISSANCE+INFOTECH+LIMITED+W+Technical+Recruiter+OR+Engineering+Recruiter+OR+Talent+Acquisition+OR+Internal+Recruiter,https://www.linkedin.com/search/results/people/?keywords=RENAISSANCE+INFOTECH+LIMITED+W+Engineering+Manager+OR+Head+of+Engineering+OR+Head+of+AI+OR+CTO,The company name suggests a technology or product-oriented business. It is already licensed for the Skilled Worker route. It has a listed presence in allington.,"Hi, I noticed RENAISSANCE INFOTECH LIMITED W is a licensed sponsor. I’m a UK-based applied AI/software engineer with 3+ years in Python, FastAPI, React, and production AI systems. I’d value connecting and learning about relevant engineering openings at RENAISSANCE INFOTECH LIMITED W."
Riverbed Technology Limited,78,['London'],[],"['Skilled Worker', 'lobal Business Mobility: Senior or Specialist Worker']","['tech', 'technology']",https://www.linkedin.com/search/results/companies/?keywords=Riverbed+Technology+Limited,https://www.linkedin.com/jobs/search/?keywords=Riverbed+Technology+Limited+Generative+AI+Engineer+OR+Applied+AI+Engineer+OR+AI+Software+Engineer+OR+Backend+Engineer+OR+Python+Engineer+OR+Full+Stack+Engineer,https://www.linkedin.com/search/results/people/?keywords=Riverbed+Technology+Limited+Technical+Recruiter+OR+Engineering+Recruiter+OR+Talent+Acquisition+OR+Internal+Recruiter,https://www.linkedin.com/search/results/people/?keywords=Riverbed+Technology+Limited+Engineering+Manager+OR+Head+of+Engineering+OR+Head+of+AI+OR+CTO,The company name suggests a technology or product-oriented business. It is already licensed for the Skilled Worker route. It has a listed presence in London.,"Hi, I noticed Riverbed Technology Limited is a licensed sponsor. I’m a UK-based applied AI/software engineer with 3+ years in Python, FastAPI, React, and production AI systems. I’d value connecting and learning about relevant engineering openings at Riverbed Technology Limited."
RQ Biotechnology Limited,78,['London'],[],['Skilled Worker'],"['tech', 'technology']",https://www.linkedin.com/search/results/companies/?keywords=RQ+Biotechnology+Limited,https://www.linkedin.com/jobs/search/?keywords=RQ+Biotechnology+Limited+Generative+AI+Engineer+OR+Applied+AI+Engineer+OR+AI+Software+Engineer+OR+Backend+Engineer+OR+Python+Engineer+OR+Full+Stack+Engineer,https://www.linkedin.com/search/results/people/?keywords=RQ+Biotechnology+Limited+Technical+Recruiter+OR+Engineering+Recruiter+OR+Talent+Acquisition+OR+Internal+Recruiter,https://www.linkedin.com/search/results/people/?keywords=RQ+Biotechnology+Limited+Engineering+Manager+OR+Head+of+Engineering+OR+Head+of+AI+OR+CTO,The company name suggests a technology or product-oriented business. It is already licensed for the Skilled Worker route. It has a listed presence in London.,"Hi, I noticed RQ Biotechnology Limited is a licensed sponsor. I’m a UK-based applied AI/software engineer with 3+ years in Python, FastAPI, React, and production AI systems. I’d value connecting and learning about relevant engineering openings at RQ Biotechnology Limited."
Runibex Technology Ltd.,78,['London'],['London Work'],"['Skilled Worker', 'bal Business Mobility: Senior or Specialist Worker']","['tech', 'technology']",https://www.linkedin.com/search/results/companies/?keywords=Runibex+Technology+Ltd.,https://www.linkedin.com/jobs/search/?keywords=Runibex+Technology+Ltd.+Generative+AI+Engineer+OR+Applied+AI+Engineer+OR+AI+Software+Engineer+OR+Backend+Engineer+OR+Python+Engineer+OR+Full+Stack+Engineer,https://www.linkedin.com/search/results/people/?keywords=Runibex+Technology+Ltd.+Technical+Recruiter+OR+Engineering+Recruiter+OR+Talent+Acquisition+OR+Internal+Recruiter,https://www.linkedin.com/search/results/people/?keywords=Runibex+Technology+Ltd.+Engineering+Manager+OR+Head+of+Engineering+OR+Head+of+AI+OR+CTO,The company name suggests a technology or product-oriented business. It is already licensed for the Skilled Worker route. It has a listed presence in London.,"Hi, I noticed Runibex Technology Ltd. is a licensed sponsor. I’m a UK-based applied AI/software engineer with 3+ years in Python, FastAPI, React, and production AI systems. I’d value connecting and learning about relevant engineering openings at Runibex Technology Ltd.."
SAI SRIKAR TECHNOLOGIES LIMITED,78,['Hounslow'],[],['Skilled Worker'],"['ai', 'tech']",https://www.linkedin.com/search/results/companies/?keywords=SAI+SRIKAR+TECHNOLOGIES+LIMITED,https://www.linkedin.com/jobs/search/?keywords=SAI+SRIKAR+TECHNOLOGIES+LIMITED+Generative+AI+Engineer+OR+Applied+AI+Engineer+OR+AI+Software+Engineer+OR+Backend+Engineer+OR+Python+Engineer+OR+Full+Stack+Engineer,https://www.linkedin.com/search/results/people/?keywords=SAI+SRIKAR+TECHNOLOGIES+LIMITED+Technical+Recruiter+OR+Engineering+Recruiter+OR+Talent+Acquisition+OR+Internal+Recruiter,https://www.linkedin.com/search/results/people/?keywords=SAI+SRIKAR+TECHNOLOGIES+LIMITED+Engineering+Manager+OR+Head+of+Engineering+OR+Head+of+AI+OR+CTO,The company name suggests a technology or product-oriented business. It is already licensed for the Skilled Worker route. It has a listed presence in Hounslow.,"Hi, I noticed SAI SRIKAR TECHNOLOGIES LIMITED is a licensed sponsor. I’m a UK-based applied AI/software engineer with 3+ years in Python, FastAPI, React, and production AI systems. I’d value connecting and learning about relevant engineering openings at SAI SRIKAR TECHNOLOGIES LIMITED."
SailoTech UK Ltd,78,['Aylesbury'],['Buckinghamshire Wo'],['Skilled Worker'],"['ai', 'tech']",https://www.linkedin.com/search/results/companies/?keywords=SailoTech+UK+Ltd,https://www.linkedin.com/jobs/search/?keywords=SailoTech+UK+Ltd+Generative+AI+Engineer+OR+Applied+AI+Engineer+OR+AI+Software+Engineer+OR+Backend+Engineer+OR+Python+Engineer+OR+Full+Stack+Engineer,https://www.linkedin.com/search/results/people/?keywords=SailoTech+UK+Ltd+Technical+Recruiter+OR+Engineering+Recruiter+OR+Talent+Acquisition+OR+Internal+Recruiter,https://www.linkedin.com/search/results/people/?keywords=SailoTech+UK+Ltd+Engineering+Manager+OR+Head+of+Engineering+OR+Head+of+AI+OR+CTO,The company name suggests a technology or product-oriented business. It is already licensed for the Skilled Worker route. It has a listed presence in Aylesbury.,"Hi, I noticed SailoTech UK Ltd is a licensed sponsor. I’m a UK-based applied AI/software engineer with 3+ years in Python, FastAPI, React, and production AI systems. I’d value connecting and learning about relevant engineering openings at SailoTech UK Ltd."
Sand Tech AI (UK) Ltd Lon,78,['don'],['Worke'],"['Skilled Worker', 'al Business Mobility: Senior or Specialist Worker']","['ai', 'tech']",https://www.linkedin.com/search/results/companies/?keywords=Sand+Tech+AI+%28UK%29+Ltd+Lon,https://www.linkedin.com/jobs/search/?keywords=Sand+Tech+AI+%28UK%29+Ltd+Lon+Generative+AI+Engineer+OR+Applied+AI+Engineer+OR+AI+Software+Engineer+OR+Backend+Engineer+OR+Python+Engineer+OR+Full+Stack+Engineer,https://www.linkedin.com/search/results/people/?keywords=Sand+Tech+AI+%28UK%29+Ltd+Lon+Technical+Recruiter+OR+Engineering+Recruiter+OR+Talent+Acquisition+OR+Internal+Recruiter,https://www.linkedin.com/search/results/people/?keywords=Sand+Tech+AI+%28UK%29+Ltd+Lon+Engineering+Manager+OR+Head+of+Engineering+OR+Head+of+AI+OR+CTO,The company name suggests a technology or product-oriented business. It is already licensed for the Skilled Worker route. It has a listed presence in don.,"Hi, I noticed Sand Tech AI (UK) Ltd Lon is a licensed sponsor. I’m a UK-based applied AI/software engineer with 3+ years in Python, FastAPI, React, and production AI systems. I’d value connecting and learning about relevant engineering openings at Sand Tech AI (UK) Ltd Lon."
Score Genius Technology Ltd,78,['London'],"['London, City of Wo']",['Skilled Worker'],"['tech', 'technology']",https://www.linkedin.com/search/results/companies/?keywords=Score+Genius+Technology+Ltd,https://www.linkedin.com/jobs/search/?keywords=Score+Genius+Technology+Ltd+Generative+AI+Engineer+OR+Applied+AI+Engineer+OR+AI+Software+Engineer+OR+Backend+Engineer+OR+Python+Engineer+OR+Full+Stack+Engineer,https://www.linkedin.com/search/results/people/?keywords=Score+Genius+Technology+Ltd+Technical+Recruiter+OR+Engineering+Recruiter+OR+Talent+Acquisition+OR+Internal+Recruiter,https://www.linkedin.com/search/results/people/?keywords=Score+Genius+Technology+Ltd+Engineering+Manager+OR+Head+of+Engineering+OR+Head+of+AI+OR+CTO,The company name suggests a technology or product-oriented business. It is already licensed for the Skilled Worker route. It has a listed presence in London.,"Hi, I noticed Score Genius Technology Ltd is a licensed sponsor. I’m a UK-based applied AI/software engineer with 3+ years in Python, FastAPI, React, and production AI systems. I’d value connecting and learning about relevant engineering openings at Score Genius Technology Ltd."
Secure Technology Solutions Limited,78,['Gravesend'],['Kent'],['Skilled Worker'],"['services', 'tech', 'technology']",https://www.linkedin.com/search/results/companies/?keywords=Secure+Technology+Solutions+Limited,https://www.linkedin.com/jobs/search/?keywords=Secure+Technology+Solutions+Limited+Generative+AI+Engineer+OR+Applied+AI+Engineer+OR+AI+Software+Engineer+OR+Backend+Engineer+OR+Python+Engineer+OR+Full+Stack+Engineer,https://www.linkedin.com/search/results/people/?keywords=Secure+Technology+Solutions+Limited+Technical+Recruiter+OR+Engineering+Recruiter+OR+Talent+Acquisition+OR+Internal+Recruiter,https://www.linkedin.com/search/results/people/?keywords=Secure+Technology+Solutions+Limited+Engineering+Manager+OR+Head+of+Engineering+OR+Head+of+AI+OR+CTO,The company name suggests a technology or product-oriented business. It is already licensed for the Skilled Worker route. It has a listed presence in Gravesend.,"Hi, I noticed Secure Technology Solutions Limited is a licensed sponsor. I’m a UK-based applied AI/software engineer with 3+ years in Python, FastAPI, React, and production AI systems. I’d value connecting and learning about relevant engineering openings at Secure Technology Solutions Limited."
Securitas Technology Limited,78,['London'],[],['Skilled Worker'],"['tech', 'technology']",https://www.linkedin.com/search/results/companies/?keywords=Securitas+Technology+Limited,https://www.linkedin.com/jobs/search/?keywords=Securitas+Technology+Limited+Generative+AI+Engineer+OR+Applied+AI+Engineer+OR+AI+Software+Engineer+OR+Backend+Engineer+OR+Python+Engineer+OR+Full+Stack+Engineer,https://www.linkedin.com/search/results/people/?keywords=Securitas+Technology+Limited+Technical+Recruiter+OR+Engineering+Recruiter+OR+Talent+Acquisition+OR+Internal+Recruiter,https://www.linkedin.com/search/results/people/?keywords=Securitas+Technology+Limited+Engineering+Manager+OR+Head+of+Engineering+OR+Head+of+AI+OR+CTO,The company name suggests a technology or product-oriented business. It is already licensed for the Skilled Worker route. It has a listed presence in London.,"Hi, I noticed Securitas Technology Limited is a licensed sponsor. I’m a UK-based applied AI/software engineer with 3+ years in Python, FastAPI, React, and production AI systems. I’d value connecting and learning about relevant engineering openings at Securitas Technology Limited."
SILVERBACK SMART TECHNOLOGY LIMITED,78,['London'],[],"['Global Business Mobility: Senior or Specialist Worker', 'Skilled Worker']","['tech', 'technology']",https://www.linkedin.com/search/results/companies/?keywords=SILVERBACK+SMART+TECHNOLOGY+LIMITED,https://www.linkedin.com/jobs/search/?keywords=SILVERBACK+SMART+TECHNOLOGY+LIMITED+Generative+AI+Engineer+OR+Applied+AI+Engineer+OR+AI+Software+Engineer+OR+Backend+Engineer+OR+Python+Engineer+OR+Full+Stack+Engineer,https://www.linkedin.com/search/results/people/?keywords=SILVERBACK+SMART+TECHNOLOGY+LIMITED+Technical+Recruiter+OR+Engineering+Recruiter+OR+Talent+Acquisition+OR+Internal+Recruiter,https://www.linkedin.com/search/results/people/?keywords=SILVERBACK+SMART+TECHNOLOGY+LIMITED+Engineering+Manager+OR+Head+of+Engineering+OR+Head+of+AI+OR+CTO,The company name suggests a technology or product-oriented business. It is already licensed for the Skilled Worker route. It has a listed presence in London.,"Hi, I noticed SILVERBACK SMART TECHNOLOGY LIMITED is a licensed sponsor. I’m a UK-based applied AI/software engineer with 3+ years in Python, FastAPI, React, and production AI systems. I’d value connecting and learning about relevant engineering openings at SILVERBACK SMART TECHNOLOGY LIMITED."
SIRI TECHNOLOGY SOLUTIONS LIMITED BRENTWOOD,78,['ESSEX'],['Worker (A ratin'],['Skilled Worker'],"['services', 'tech', 'technology']",https://www.linkedin.com/search/results/companies/?keywords=SIRI+TECHNOLOGY+SOLUTIONS+LIMITED+BRENTWOOD,https://www.linkedin.com/jobs/search/?keywords=SIRI+TECHNOLOGY+SOLUTIONS+LIMITED+BRENTWOOD+Generative+AI+Engineer+OR+Applied+AI+Engineer+OR+AI+Software+Engineer+OR+Backend+Engineer+OR+Python+Engineer+OR+Full+Stack+Engineer,https://www.linkedin.com/search/results/people/?keywords=SIRI+TECHNOLOGY+SOLUTIONS+LIMITED+BRENTWOOD+Technical+Recruiter+OR+Engineering+Recruiter+OR+Talent+Acquisition+OR+Internal+Recruiter,https://www.linkedin.com/search/results/people/?keywords=SIRI+TECHNOLOGY+SOLUTIONS+LIMITED+BRENTWOOD+Engineering+Manager+OR+Head+of+Engineering+OR+Head+of+AI+OR+CTO,The company name suggests a technology or product-oriented business. It is already licensed for the Skilled Worker route. It has a listed presence in ESSEX.,"Hi, I noticed SIRI TECHNOLOGY SOLUTIONS LIMITED BRENTWOOD is a licensed sponsor. I’m a UK-based applied AI/software engineer with 3+ years in Python, FastAPI, React, and production AI systems. I’d value connecting and learning about relevant engineering openings at SIRI TECHNOLOGY SOLUTIONS LIMITED "
Softech Rail Limited Albourne,78,['West Suss'],['ex Worker (A rating)'],"[': Senior or Specialist Worker', 'Skilled Worker']","['ai', 'tech']",https://www.linkedin.com/search/results/companies/?keywords=Softech+Rail+Limited+Albourne,https://www.linkedin.com/jobs/search/?keywords=Softech+Rail+Limited+Albourne+Generative+AI+Engineer+OR+Applied+AI+Engineer+OR+AI+Software+Engineer+OR+Backend+Engineer+OR+Python+Engineer+OR+Full+Stack+Engineer,https://www.linkedin.com/search/results/people/?keywords=Softech+Rail+Limited+Albourne+Technical+Recruiter+OR+Engineering+Recruiter+OR+Talent+Acquisition+OR+Internal+Recruiter,https://www.linkedin.com/search/results/people/?keywords=Softech+Rail+Limited+Albourne+Engineering+Manager+OR+Head+of+Engineering+OR+Head+of+AI+OR+CTO,The company name suggests a technology or product-oriented business. It is already licensed for the Skilled Worker route. It has a listed presence in West Suss.,"Hi, I noticed Softech Rail Limited Albourne is a licensed sponsor. I’m a UK-based applied AI/software engineer with 3+ years in Python, FastAPI, React, and production AI systems. I’d value connecting and learning about relevant engineering openings at Softech Rail Limited Albourne."
Source Technology Limited,78,['London'],[],"['Global Business Mobility: Senior or Specialist Worker', 'Skilled Worker']","['tech', 'technology']",https://www.linkedin.com/search/results/companies/?keywords=Source+Technology+Limited,https://www.linkedin.com/jobs/search/?keywords=Source+Technology+Limited+Generative+AI+Engineer+OR+Applied+AI+Engineer+OR+AI+Software+Engineer+OR+Backend+Engineer+OR+Python+Engineer+OR+Full+Stack+Engineer,https://www.linkedin.com/search/results/people/?keywords=Source+Technology+Limited+Technical+Recruiter+OR+Engineering+Recruiter+OR+Talent+Acquisition+OR+Internal+Recruiter,https://www.linkedin.com/search/results/people/?keywords=Source+Technology+Limited+Engineering+Manager+OR+Head+of+Engineering+OR+Head+of+AI+OR+CTO,The company name suggests a technology or product-oriented business. It is already licensed for the Skilled Worker route. It has a listed presence in London.,"Hi, I noticed Source Technology Limited is a licensed sponsor. I’m a UK-based applied AI/software engineer with 3+ years in Python, FastAPI, React, and production AI systems. I’d value connecting and learning about relevant engineering openings at Source Technology Limited."
Sportlight Technology Ltd,78,['London'],[],['Skilled Worker'],"['tech', 'technology']",https://www.linkedin.com/search/results/companies/?keywords=Sportlight+Technology+Ltd,https://www.linkedin.com/jobs/search/?keywords=Sportlight+Technology+Ltd+Generative+AI+Engineer+OR+Applied+AI+Engineer+OR+AI+Software+Engineer+OR+Backend+Engineer+OR+Python+Engineer+OR+Full+Stack+Engineer,https://www.linkedin.com/search/results/people/?keywords=Sportlight+Technology+Ltd+Technical+Recruiter+OR+Engineering+Recruiter+OR+Talent+Acquisition+OR+Internal+Recruiter,https://www.linkedin.com/search/results/people/?keywords=Sportlight+Technology+Ltd+Engineering+Manager+OR+Head+of+Engineering+OR+Head+of+AI+OR+CTO,The company name suggests a technology or product-oriented business. It is already licensed for the Skilled Worker route. It has a listed presence in London.,"Hi, I noticed Sportlight Technology Ltd is a licensed sponsor. I’m a UK-based applied AI/software engineer with 3+ years in Python, FastAPI, React, and production AI systems. I’d value connecting and learning about relevant engineering openings at Sportlight Technology Ltd."
Sri Sai Techonologies Limited,78,['Milton Keynes'],[],['Skilled Worker'],"['ai', 'tech']",https://www.linkedin.com/search/results/companies/?keywords=Sri+Sai+Techonologies+Limited,https://www.linkedin.com/jobs/search/?keywords=Sri+Sai+Techonologies+Limited+Generative+AI+Engineer+OR+Applied+AI+Engineer+OR+AI+Software+Engineer+OR+Backend+Engineer+OR+Python+Engineer+OR+Full+Stack+Engineer,https://www.linkedin.com/search/results/people/?keywords=Sri+Sai+Techonologies+Limited+Technical+Recruiter+OR+Engineering+Recruiter+OR+Talent+Acquisition+OR+Internal+Recruiter,https://www.linkedin.com/search/results/people/?keywords=Sri+Sai+Techonologies+Limited+Engineering+Manager+OR+Head+of+Engineering+OR+Head+of+AI+OR+CTO,The company name suggests a technology or product-oriented business. It is already licensed for the Skilled Worker route. It has a listed presence in Milton Keynes.,"Hi, I noticed Sri Sai Techonologies Limited is a licensed sponsor. I’m a UK-based applied AI/software engineer with 3+ years in Python, FastAPI, React, and production AI systems. I’d value connecting and learning about relevant engineering openings at Sri Sai Techonologies Limited."
Stellar Global Technologies Limited Staines-Upon-Thames,78,[],['Surrey'],['Skilled Worker'],"['ai', 'tech']",https://www.linkedin.com/search/results/companies/?keywords=Stellar+Global+Technologies+Limited+Staines-Upon-Thames,https://www.linkedin.com/jobs/search/?keywords=Stellar+Global+Technologies+Limited+Staines-Upon-Thames+Generative+AI+Engineer+OR+Applied+AI+Engineer+OR+AI+Software+Engineer+OR+Backend+Engineer+OR+Python+Engineer+OR+Full+Stack+Engineer,https://www.linkedin.com/search/results/people/?keywords=Stellar+Global+Technologies+Limited+Staines-Upon-Thames+Technical+Recruiter+OR+Engineering+Recruiter+OR+Talent+Acquisition+OR+Internal+Recruiter,https://www.linkedin.com/search/results/people/?keywords=Stellar+Global+Technologies+Limited+Staines-Upon-Thames+Engineering+Manager+OR+Head+of+Engineering+OR+Head+of+AI+OR+CTO,The company name suggests a technology or product-oriented business. It is already licensed for the Skilled Worker route.,"Hi, I noticed Stellar Global Technologies Limited Staines-Upon-Thames is a licensed sponsor. I’m a UK-based applied AI/software engineer with 3+ years in Python, FastAPI, React, and production AI systems. I’d value connecting and learning about relevant engineering openings at Stellar Global Technol"
